frames since last update;coins collected;deaths;levels beaten;score gathered;coins per frame;deaths per frame;levels beaten per frame;move count (no action, left, right, jump);!world name
1000;3;12;0;0;0.003;0.012;0.0;[404, 199, 187, 210];levels_bd/training_1_37.txt
1000;1;4;0;0;0.001;0.004;0.0;[391, 205, 209, 195];levels_bd/training_809.txt
1000;2;13;0;0;0.002;0.013;0.0;[397, 219, 193, 191];levels_bd/training_1_141.txt
1000;4;6;0;0;0.004;0.006;0.0;[388, 202, 220, 190];levels_bd/training_192.txt
1000;4;2;0;10;0.004;0.002;0.0;[408, 185, 193, 214];levels_bd/training_560.txt
1000;1;5;0;0;0.001;0.005;0.0;[229, 175, 207, 389];levels_bd/training_298.txt
1000;4;1;0;10;0.004;0.001;0.0;[259, 212, 236, 293];levels_bd/training_899.txt
1000;4;3;0;15;0.004;0.003;0.0;[225, 245, 217, 313];levels_bd/training_956.txt
1000;3;41;0;0;0.003;0.041;0.0;[378, 197, 226, 199];levels_bd/training_1_79.txt
1000;2;1;0;0;0.002;0.001;0.0;[404, 198, 188, 210];levels_bd/training_442.txt
1000;5;28;0;0;0.005;0.028;0.0;[328, 242, 216, 214];levels_bd/training_363.txt
1000;3;2;0;0;0.003;0.002;0.0;[195, 182, 215, 408];levels_bd/training_1_91.txt
1000;6;4;0;0;0.006;0.004;0.0;[255, 181, 242, 322];levels_bd/training_378.txt
1000;1;2;0;0;0.001;0.002;0.0;[206, 195, 188, 411];levels_bd/training_347.txt
1000;3;7;0;0;0.003;0.007;0.0;[277, 205, 201, 317];levels_bd/training_984.txt
1000;5;12;0;0;0.005;0.012;0.0;[320, 196, 196, 288];levels_bd/training_609.txt
1000;2;17;0;0;0.002;0.017;0.0;[358, 218, 234, 190];levels_bd/training_815.txt
1000;2;7;0;0;0.002;0.007;0.0;[215, 214, 196, 375];levels_bd/training_768.txt
1000;9;1;0;35;0.009;0.001;0.0;[208, 299, 255, 238];levels_bd/training_1_137.txt
1000;1;9;0;0;0.001;0.009;0.0;[240, 175, 280, 305];levels_bd/training_712.txt
1000;4;24;0;0;0.004;0.024;0.0;[338, 185, 200, 277];levels_bd/training_659.txt
1000;1;2;0;0;0.001;0.002;0.0;[210, 228, 210, 352];levels_bd/training_838.txt
1000;8;1;0;30;0.008;0.001;0.0;[210, 183, 211, 396];levels_bd/training_26.txt
1000;1;0;0;5;0.001;0.0;0.0;[196, 196, 413, 195];levels_bd/training_967.txt
1000;3;32;0;0;0.003;0.032;0.0;[232, 211, 180, 377];levels_bd/training_880.txt
1000;3;7;0;0;0.003;0.007;0.0;[224, 189, 174, 413];levels_bd/training_288.txt
1000;5;0;0;25;0.005;0.0;0.0;[199, 192, 205, 404];levels_bd/training_131.txt
1000;3;57;0;0;0.003;0.057;0.0;[298, 177, 327, 198];levels_bd/training_1_57.txt
1000;2;0;0;10;0.002;0.0;0.0;[190, 201, 407, 202];levels_bd/training_367.txt
1000;4;18;0;0;0.004;0.018;0.0;[210, 199, 371, 220];levels_bd/training_938.txt
1000;1;3;0;0;0.001;0.003;0.0;[201, 188, 182, 429];levels_bd/training_502.txt
1000;5;27;0;0;0.005;0.027;0.0;[217, 407, 187, 189];levels_bd/training_1_154.txt
1000;1;11;0;0;0.001;0.011;0.0;[180, 190, 212, 418];levels_bd/training_274.txt
1000;3;7;0;5;0.003;0.007;0.0;[194, 199, 201, 406];levels_bd/training_414.txt
1000;2;10;0;0;0.002;0.01;0.0;[195, 196, 437, 172];levels_bd/training_1_73.txt
1000;3;12;0;0;0.003;0.012;0.0;[237, 236, 249, 278];levels_bd/training_580.txt
1000;1;14;0;0;0.001;0.014;0.0;[229, 223, 371, 177];levels_bd/training_13.txt
1000;1;0;0;5;0.001;0.0;0.0;[157, 254, 182, 407];levels_bd/training_918.txt
1000;6;4;0;0;0.006;0.004;0.0;[245, 195, 212, 348];levels_bd/training_857.txt
1000;1;3;0;0;0.001;0.003;0.0;[266, 233, 281, 220];levels_bd/training_798.txt
1000;1;0;0;5;0.001;0.0;0.0;[267, 375, 175, 183];levels_bd/training_845.txt
1000;1;22;0;0;0.001;0.022;0.0;[205, 220, 196, 379];levels_bd/training_448.txt
1000;9;2;0;30;0.009;0.002;0.0;[365, 198, 265, 172];levels_bd/training_401.txt
1000;5;3;0;0;0.005;0.003;0.0;[333, 254, 199, 214];levels_bd/training_857.txt
1000;9;25;0;40;0.009;0.025;0.0;[185, 308, 208, 299];levels_bd/training_500.txt
1000;7;7;0;0;0.007;0.007;0.0;[325, 239, 239, 197];levels_bd/training_1_144.txt
1000;2;1;0;0;0.002;0.001;0.0;[319, 222, 210, 249];levels_bd/training_8.txt
1000;0;0;0;0;0.0;0.0;0.0;[348, 163, 314, 175];levels_bd/training_1_104.txt
1000;4;1;0;15;0.004;0.001;0.0;[190, 204, 196, 410];levels_bd/training_716.txt
1000;4;4;0;0;0.004;0.004;0.0;[245, 230, 216, 309];levels_bd/training_1_27.txt
1000;3;2;0;0;0.003;0.002;0.0;[376, 188, 203, 233];levels_bd/training_903.txt
1000;3;23;0;0;0.003;0.023;0.0;[365, 203, 192, 240];levels_bd/training_295.txt
1000;7;3;0;5;0.007;0.003;0.0;[217, 197, 171, 415];levels_bd/training_992.txt
1000;2;23;0;0;0.002;0.023;0.0;[210, 190, 254, 346];levels_bd/training_1_35.txt
1000;4;0;0;20;0.004;0.0;0.0;[274, 214, 243, 269];levels_bd/training_923.txt
1000;1;25;0;0;0.001;0.025;0.0;[183, 337, 241, 239];levels_bd/training_55.txt
1000;5;0;0;25;0.005;0.0;0.0;[172, 312, 344, 172];levels_bd/training_900.txt
1000;7;51;0;0;0.007;0.051;0.0;[170, 344, 270, 216];levels_bd/training_90.txt
1000;4;2;0;0;0.004;0.002;0.0;[169, 315, 245, 271];levels_bd/training_412.txt
1000;3;1;0;15;0.003;0.001;0.0;[173, 494, 148, 185];levels_bd/training_883.txt
1000;5;20;0;0;0.005;0.02;0.0;[235, 195, 351, 219];levels_bd/training_615.txt
1000;1;2;0;0;0.001;0.002;0.0;[253, 264, 278, 205];levels_bd/training_180.txt
1000;5;6;0;0;0.005;0.006;0.0;[198, 302, 285, 215];levels_bd/training_889.txt
1000;0;2;0;0;0.0;0.002;0.0;[212, 299, 313, 176];levels_bd/training_267.txt
1000;3;11;0;0;0.003;0.011;0.0;[183, 353, 244, 220];levels_bd/training_1_199.txt
1000;0;6;0;0;0.0;0.006;0.0;[267, 195, 180, 358];levels_bd/training_1_160.txt
1000;3;16;0;0;0.003;0.016;0.0;[293, 195, 160, 352];levels_bd/training_888.txt
1000;0;2;0;0;0.0;0.002;0.0;[193, 196, 163, 448];levels_bd/training_53.txt
1000;5;2;0;5;0.005;0.002;0.0;[195, 188, 176, 441];levels_bd/training_870.txt
1000;2;6;0;0;0.002;0.006;0.0;[276, 213, 186, 325];levels_bd/training_152.txt
1000;0;0;0;0;0.0;0.0;0.0;[173, 442, 158, 227];levels_bd/training_524.txt
1000;4;7;0;0;0.004;0.007;0.0;[161, 374, 207, 258];levels_bd/training_193.txt
1000;2;1;0;0;0.002;0.001;0.0;[184, 231, 152, 433];levels_bd/training_351.txt
1000;4;28;0;0;0.004;0.028;0.0;[206, 242, 232, 320];levels_bd/training_659.txt
1000;1;2;0;0;0.001;0.002;0.0;[171, 346, 161, 322];levels_bd/training_91.txt
1000;4;2;0;0;0.004;0.002;0.0;[333, 232, 181, 254];levels_bd/training_1_24.txt
1000;4;17;0;0;0.004;0.017;0.0;[178, 249, 375, 198];levels_bd/training_566.txt
1000;1;3;0;0;0.001;0.003;0.0;[189, 147, 162, 502];levels_bd/training_1_56.txt
1000;3;1;0;5;0.003;0.001;0.0;[212, 256, 260, 272];levels_bd/training_54.txt
1000;3;44;0;0;0.003;0.044;0.0;[299, 293, 212, 196];levels_bd/training_147.txt
1000;1;9;0;0;0.001;0.009;0.0;[461, 156, 166, 217];levels_bd/training_17.txt
1000;3;22;0;0;0.003;0.022;0.0;[401, 209, 218, 172];levels_bd/training_730.txt
1000;3;0;0;15;0.003;0.0;0.0;[202, 159, 171, 468];levels_bd/training_1_178.txt
1000;2;1;0;0;0.002;0.001;0.0;[422, 204, 174, 200];levels_bd/training_111.txt
1000;0;0;0;0;0.0;0.0;0.0;[360, 176, 175, 289];levels_bd/training_209.txt
1000;6;1;0;20;0.006;0.001;0.0;[243, 182, 169, 406];levels_bd/training_236.txt
1000;4;2;0;0;0.004;0.002;0.0;[352, 208, 155, 285];levels_bd/training_538.txt
1000;0;5;0;0;0.0;0.005;0.0;[535, 141, 167, 157];levels_bd/training_398.txt
1000;4;0;0;20;0.004;0.0;0.0;[220, 185, 149, 446];levels_bd/training_272.txt
1000;1;0;0;5;0.001;0.0;0.0;[192, 485, 163, 160];levels_bd/training_905.txt
1000;5;2;0;5;0.005;0.002;0.0;[340, 193, 172, 295];levels_bd/training_1_137.txt
1000;2;11;0;0;0.002;0.011;0.0;[191, 281, 153, 375];levels_bd/training_418.txt
1000;8;17;0;0;0.008;0.017;0.0;[207, 375, 176, 242];levels_bd/training_860.txt
1000;4;0;0;20;0.004;0.0;0.0;[195, 190, 184, 431];levels_bd/training_1_165.txt
1000;2;14;0;0;0.002;0.014;0.0;[208, 296, 203, 293];levels_bd/training_157.txt
1000;1;22;0;0;0.001;0.022;0.0;[200, 197, 156, 447];levels_bd/training_343.txt
1000;2;5;0;0;0.002;0.005;0.0;[509, 157, 157, 177];levels_bd/training_595.txt
1000;2;0;0;10;0.002;0.0;0.0;[441, 168, 160, 231];levels_bd/training_450.txt
1000;1;11;0;0;0.001;0.011;0.0;[218, 175, 145, 462];levels_bd/training_673.txt
1000;2;0;0;10;0.002;0.0;0.0;[174, 496, 174, 156];levels_bd/training_307.txt
1000;1;0;0;5;0.001;0.0;0.0;[420, 159, 182, 239];levels_bd/training_972.txt
1000;1;10;0;0;0.001;0.01;0.0;[267, 214, 164, 355];levels_bd/training_102.txt
1000;2;4;0;0;0.002;0.004;0.0;[297, 165, 164, 374];levels_bd/training_999.txt
1000;6;1;0;20;0.006;0.001;0.0;[456, 188, 175, 181];levels_bd/training_771.txt
1000;5;36;0;0;0.005;0.036;0.0;[527, 155, 154, 164];levels_bd/training_1_162.txt
1000;8;2;0;20;0.008;0.002;0.0;[225, 166, 157, 452];levels_bd/training_1_156.txt
1000;3;25;0;0;0.003;0.025;0.0;[527, 160, 128, 185];levels_bd/training_228.txt
1000;3;3;0;0;0.003;0.003;0.0;[174, 156, 142, 528];levels_bd/training_1_43.txt
1000;9;4;0;10;0.009;0.004;0.0;[289, 145, 153, 413];levels_bd/training_825.txt
1000;3;12;0;0;0.003;0.012;0.0;[560, 153, 132, 155];levels_bd/training_517.txt
1000;3;12;0;0;0.003;0.012;0.0;[512, 168, 157, 163];levels_bd/training_517.txt
1000;0;0;0;0;0.0;0.0;0.0;[305, 345, 144, 206];levels_bd/training_625.txt
1000;2;4;0;0;0.002;0.004;0.0;[307, 259, 179, 255];levels_bd/training_855.txt
1000;5;7;0;0;0.005;0.007;0.0;[275, 204, 215, 306];levels_bd/training_733.txt
1000;2;10;0;0;0.002;0.01;0.0;[283, 282, 157, 278];levels_bd/training_1_115.txt
1000;2;4;0;0;0.002;0.004;0.0;[295, 178, 133, 394];levels_bd/training_817.txt
1000;2;27;0;0;0.002;0.027;0.0;[535, 154, 152, 159];levels_bd/training_937.txt
1000;5;2;0;5;0.005;0.002;0.0;[492, 176, 153, 179];levels_bd/training_1_58.txt
1000;1;4;0;0;0.001;0.004;0.0;[498, 160, 143, 199];levels_bd/training_1_82.txt
1000;4;6;0;0;0.004;0.006;0.0;[551, 120, 173, 156];levels_bd/training_1_76.txt
1000;1;6;0;0;0.001;0.006;0.0;[167, 147, 140, 546];levels_bd/training_136.txt
1000;3;0;0;15;0.003;0.0;0.0;[576, 129, 154, 141];levels_bd/training_723.txt
1000;0;21;0;0;0.0;0.021;0.0;[541, 160, 147, 152];levels_bd/training_601.txt
1000;2;2;0;0;0.002;0.002;0.0;[540, 134, 137, 189];levels_bd/training_472.txt
1000;4;12;0;0;0.004;0.012;0.0;[538, 156, 146, 160];levels_bd/training_815.txt
1000;3;0;0;15;0.003;0.0;0.0;[566, 169, 132, 133];levels_bd/training_200.txt
1000;2;2;0;0;0.002;0.002;0.0;[522, 157, 136, 185];levels_bd/training_1_70.txt
1000;4;0;0;20;0.004;0.0;0.0;[551, 161, 127, 161];levels_bd/training_456.txt
1000;1;9;0;0;0.001;0.009;0.0;[568, 151, 150, 131];levels_bd/training_905.txt
1000;5;2;0;5;0.005;0.002;0.0;[585, 136, 138, 141];levels_bd/training_390.txt
1000;3;9;0;0;0.003;0.009;0.0;[154, 153, 142, 551];levels_bd/training_1_9.txt
1000;4;5;0;10;0.004;0.005;0.0;[151, 134, 128, 587];levels_bd/training_414.txt
1000;3;0;0;15;0.003;0.0;0.0;[164, 150, 133, 553];levels_bd/training_748.txt
1000;2;8;0;0;0.002;0.008;0.0;[146, 131, 112, 611];levels_bd/training_869.txt
1000;1;10;0;0;0.001;0.01;0.0;[377, 142, 132, 349];levels_bd/training_1_122.txt
1000;2;8;0;0;0.002;0.008;0.0;[154, 201, 192, 453];levels_bd/training_970.txt
1000;0;0;0;0;0.0;0.0;0.0;[124, 446, 158, 272];levels_bd/training_969.txt
1000;0;14;0;0;0.0;0.014;0.0;[191, 378, 177, 254];levels_bd/training_892.txt
1000;0;7;0;0;0.0;0.007;0.0;[209, 167, 158, 466];levels_bd/training_267.txt
1000;1;0;0;5;0.001;0.0;0.0;[137, 231, 132, 500];levels_bd/training_41.txt
1000;3;2;0;0;0.003;0.002;0.0;[571, 134, 144, 151];levels_bd/training_401.txt
1000;0;18;0;0;0.0;0.018;0.0;[249, 465, 142, 144];levels_bd/training_929.txt
1000;2;17;0;0;0.002;0.017;0.0;[561, 147, 148, 144];levels_bd/training_512.txt
1000;0;1;0;0;0.0;0.001;0.0;[142, 133, 587, 138];levels_bd/training_897.txt
1000;2;37;0;0;0.002;0.037;0.0;[589, 136, 137, 138];levels_bd/training_221.txt
1000;1;0;0;5;0.001;0.0;0.0;[430, 132, 289, 149];levels_bd/training_912.txt
1000;0;0;0;0;0.0;0.0;0.0;[241, 144, 138, 477];levels_bd/training_557.txt
1000;3;8;0;0;0.003;0.008;0.0;[148, 133, 135, 584];levels_bd/training_722.txt
1000;1;1;0;0;0.001;0.001;0.0;[137, 551, 128, 184];levels_bd/training_354.txt
1000;1;4;0;0;0.001;0.004;0.0;[139, 199, 172, 490];levels_bd/training_153.txt
1000;1;2;0;0;0.001;0.002;0.0;[129, 143, 139, 589];levels_bd/training_464.txt
1000;1;7;0;0;0.001;0.007;0.0;[123, 143, 140, 594];levels_bd/training_443.txt
1000;2;1;0;5;0.002;0.001;0.0;[139, 150, 122, 589];levels_bd/training_828.txt
1000;1;9;0;0;0.001;0.009;0.0;[137, 149, 134, 580];levels_bd/training_353.txt
1000;3;0;0;15;0.003;0.0;0.0;[122, 137, 132, 609];levels_bd/training_855.txt
1000;2;124;0;0;0.002;0.124;0.0;[119, 134, 592, 155];levels_bd/training_909.txt
1000;1;14;0;0;0.001;0.014;0.0;[127, 129, 204, 540];levels_bd/training_1_100.txt
1000;0;0;0;0;0.0;0.0;0.0;[127, 137, 600, 136];levels_bd/training_209.txt
1000;6;14;0;0;0.006;0.014;0.0;[134, 142, 596, 128];levels_bd/training_950.txt
1000;0;25;0;0;0.0;0.025;0.0;[131, 155, 581, 133];levels_bd/training_898.txt
1000;2;4;0;0;0.002;0.004;0.0;[138, 110, 147, 605];levels_bd/training_225.txt
1000;2;11;0;0;0.002;0.011;0.0;[146, 129, 168, 557];levels_bd/training_1_0.txt
1000;2;19;0;0;0.002;0.019;0.0;[143, 140, 231, 486];levels_bd/training_391.txt
1000;8;1;0;30;0.008;0.001;0.0;[135, 138, 165, 562];levels_bd/training_961.txt
1000;5;7;0;0;0.005;0.007;0.0;[130, 135, 121, 614];levels_bd/training_1_76.txt
1000;2;30;0;0;0.002;0.03;0.0;[169, 127, 505, 199];levels_bd/training_373.txt
1000;3;1;0;5;0.003;0.001;0.0;[149, 132, 119, 600];levels_bd/training_211.txt
1000;5;4;0;10;0.005;0.004;0.0;[138, 120, 181, 561];levels_bd/training_859.txt
1000;0;0;0;0;0.0;0.0;0.0;[218, 133, 496, 153];levels_bd/training_1_173.txt
1000;9;18;0;0;0.009;0.018;0.0;[274, 131, 440, 155];levels_bd/training_71.txt
1000;1;19;0;0;0.001;0.019;0.0;[157, 142, 578, 123];levels_bd/training_744.txt
1000;7;29;0;0;0.007;0.029;0.0;[313, 123, 443, 121];levels_bd/training_435.txt
1000;5;1;0;20;0.005;0.001;0.0;[265, 135, 480, 120];levels_bd/training_837.txt
1000;1;0;0;5;0.001;0.0;0.0;[131, 126, 621, 122];levels_bd/training_933.txt
908;5;16;1;110;0.005506607929515419;0.01762114537444934;0.0011013215859030838;[277, 114, 385, 132];levels_bd/training_385.txt
92;2;3;0;0;0.021739130434782608;0.03260869565217391;0.0;[37, 13, 34, 8];levels_bd/training_435.txt
1000;0;33;0;0;0.0;0.033;0.0;[231, 181, 455, 133];levels_bd/training_614.txt
1000;1;0;0;5;0.001;0.0;0.0;[114, 128, 646, 112];levels_bd/training_191.txt
1000;1;0;0;5;0.001;0.0;0.0;[143, 146, 591, 120];levels_bd/training_168.txt
1000;4;0;0;20;0.004;0.0;0.0;[181, 203, 487, 129];levels_bd/training_783.txt
1000;0;0;0;0;0.0;0.0;0.0;[118, 612, 148, 122];levels_bd/training_1_193.txt
1000;3;34;0;0;0.003;0.034;0.0;[386, 121, 146, 347];levels_bd/training_670.txt
1000;3;6;0;0;0.003;0.006;0.0;[509, 131, 205, 155];levels_bd/training_624.txt
1000;1;13;0;0;0.001;0.013;0.0;[593, 104, 119, 184];levels_bd/training_151.txt
1000;0;14;0;0;0.0;0.014;0.0;[152, 110, 631, 107];levels_bd/training_437.txt
1000;1;28;0;0;0.001;0.028;0.0;[120, 265, 504, 111];levels_bd/training_7.txt
1000;1;0;0;5;0.001;0.0;0.0;[116, 653, 111, 120];levels_bd/training_1_15.txt
1000;0;0;0;0;0.0;0.0;0.0;[112, 653, 119, 116];levels_bd/training_755.txt
1000;4;27;0;0;0.004;0.027;0.0;[150, 562, 164, 124];levels_bd/training_61.txt
1000;8;10;0;0;0.008;0.01;0.0;[127, 505, 255, 113];levels_bd/training_567.txt
1000;1;0;0;5;0.001;0.0;0.0;[103, 643, 132, 122];levels_bd/training_1_15.txt
1000;3;18;0;5;0.003;0.018;0.0;[126, 265, 461, 148];levels_bd/training_749.txt
1000;7;15;0;0;0.007;0.015;0.0;[169, 259, 438, 134];levels_bd/training_1_163.txt
1000;0;0;0;0;0.0;0.0;0.0;[122, 155, 603, 120];levels_bd/training_561.txt
1000;2;0;0;10;0.002;0.0;0.0;[129, 127, 624, 120];levels_bd/training_579.txt
1000;4;22;0;0;0.004;0.022;0.0;[150, 295, 407, 148];levels_bd/training_995.txt
1000;5;1;0;15;0.005;0.001;0.0;[663, 132, 97, 108];levels_bd/training_251.txt
1000;4;0;0;20;0.004;0.0;0.0;[677, 115, 107, 101];levels_bd/training_629.txt
1000;1;1;0;0;0.001;0.001;0.0;[647, 119, 109, 125];levels_bd/training_989.txt
1000;1;9;0;0;0.001;0.009;0.0;[675, 114, 108, 103];levels_bd/training_831.txt
1000;4;1;0;10;0.004;0.001;0.0;[662, 111, 90, 137];levels_bd/training_238.txt
1000;3;0;0;15;0.003;0.0;0.0;[111, 448, 339, 102];levels_bd/training_401.txt
1000;2;65;0;0;0.002;0.065;0.0;[264, 157, 466, 113];levels_bd/training_319.txt
818;3;9;1;100;0.003667481662591687;0.011002444987775062;0.0012224938875305623;[207, 381, 154, 76];levels_bd/training_924.txt
182;0;8;0;0;0.0;0.04395604395604396;0.0;[24, 100, 31, 27];levels_bd/training_388.txt
1000;4;0;0;20;0.004;0.0;0.0;[643, 128, 109, 120];levels_bd/training_129.txt
1000;2;0;0;10;0.002;0.0;0.0;[144, 426, 327, 103];levels_bd/training_798.txt
1000;2;0;0;10;0.002;0.0;0.0;[115, 658, 111, 116];levels_bd/training_1_63.txt
1000;5;15;0;0;0.005;0.015;0.0;[128, 408, 333, 131];levels_bd/training_1_45.txt
1000;1;1;0;0;0.001;0.001;0.0;[102, 114, 399, 385];levels_bd/training_998.txt
1000;3;1;0;5;0.003;0.001;0.0;[671, 111, 95, 123];levels_bd/training_486.txt
1000;2;31;0;0;0.002;0.031;0.0;[97, 369, 436, 98];levels_bd/training_894.txt
1000;5;0;0;25;0.005;0.0;0.0;[113, 506, 120, 261];levels_bd/training_952.txt
1000;1;0;0;5;0.001;0.0;0.0;[119, 140, 121, 620];levels_bd/training_989.txt
1000;4;33;0;0;0.004;0.033;0.0;[500, 291, 105, 104];levels_bd/training_1_7.txt
1000;1;0;0;5;0.001;0.0;0.0;[139, 636, 113, 112];levels_bd/training_610.txt
1000;1;0;0;5;0.001;0.0;0.0;[124, 118, 365, 393];levels_bd/training_939.txt
1000;0;0;0;0;0.0;0.0;0.0;[121, 375, 391, 113];levels_bd/training_529.txt
1000;2;0;0;10;0.002;0.0;0.0;[692, 105, 96, 107];levels_bd/training_469.txt
1000;1;2;0;0;0.001;0.002;0.0;[108, 108, 681, 103];levels_bd/training_947.txt
1000;0;0;0;0;0.0;0.0;0.0;[108, 709, 96, 87];levels_bd/training_1_28.txt
1000;1;0;0;5;0.001;0.0;0.0;[116, 692, 88, 104];levels_bd/training_505.txt
1000;2;2;0;0;0.002;0.002;0.0;[676, 104, 111, 109];levels_bd/training_472.txt
1000;3;2;0;10;0.003;0.002;0.0;[703, 105, 93, 99];levels_bd/training_916.txt
1000;2;4;0;0;0.002;0.004;0.0;[505, 224, 165, 106];levels_bd/training_678.txt
1000;4;4;0;0;0.004;0.004;0.0;[640, 126, 107, 127];levels_bd/training_952.txt
1000;1;6;0;0;0.001;0.006;0.0;[672, 107, 115, 106];levels_bd/training_411.txt
1000;2;4;0;10;0.002;0.004;0.0;[679, 117, 112, 92];levels_bd/training_926.txt
1000;1;1;0;0;0.001;0.001;0.0;[715, 100, 103, 82];levels_bd/training_227.txt
1000;3;0;0;15;0.003;0.0;0.0;[707, 109, 103, 81];levels_bd/training_1_77.txt
1000;5;1;0;25;0.005;0.001;0.0;[701, 92, 98, 109];levels_bd/training_428.txt
1000;2;0;0;10;0.002;0.0;0.0;[707, 109, 101, 83];levels_bd/training_58.txt
1000;2;1;0;5;0.002;0.001;0.0;[97, 415, 401, 87];levels_bd/training_303.txt
1000;3;4;0;5;0.003;0.004;0.0;[97, 656, 145, 102];levels_bd/training_745.txt
1000;3;0;0;15;0.003;0.0;0.0;[343, 295, 272, 90];levels_bd/training_589.txt
1000;2;1;0;0;0.002;0.001;0.0;[718, 89, 89, 104];levels_bd/training_438.txt
1000;2;0;0;10;0.002;0.0;0.0;[107, 118, 681, 94];levels_bd/training_387.txt
1000;1;0;0;5;0.001;0.0;0.0;[655, 150, 121, 74];levels_bd/training_415.txt
1000;0;3;0;0;0.0;0.003;0.0;[697, 107, 90, 106];levels_bd/training_477.txt
1000;5;6;0;0;0.005;0.006;0.0;[658, 102, 132, 108];levels_bd/training_67.txt
1000;3;2;0;0;0.003;0.002;0.0;[644, 113, 158, 85];levels_bd/training_649.txt
1000;4;10;0;0;0.004;0.01;0.0;[674, 102, 142, 82];levels_bd/training_454.txt
1000;3;24;0;0;0.003;0.024;0.0;[303, 459, 152, 86];levels_bd/training_529.txt
930;5;6;1;100;0.005376344086021506;0.0064516129032258064;0.001075268817204301;[527, 247, 73, 83];levels_bd/training_371.txt
70;2;1;0;10;0.02857142857142857;0.014285714285714285;0.0;[24, 14, 26, 6];levels_bd/training_454.txt
1000;5;0;0;25;0.005;0.0;0.0;[712, 110, 100, 78];levels_bd/training_123.txt
1000;2;1;0;10;0.002;0.001;0.0;[736, 86, 83, 95];levels_bd/training_241.txt
1000;5;7;0;0;0.005;0.007;0.0;[692, 99, 89, 120];levels_bd/training_737.txt
1000;6;1;0;20;0.006;0.001;0.0;[99, 390, 417, 94];levels_bd/training_84.txt
1000;0;44;0;0;0.0;0.044;0.0;[108, 79, 707, 106];levels_bd/training_617.txt
1000;1;0;0;5;0.001;0.0;0.0;[81, 100, 713, 106];levels_bd/training_142.txt
1000;0;0;0;0;0.0;0.0;0.0;[88, 90, 730, 92];levels_bd/training_709.txt
1000;1;0;0;5;0.001;0.0;0.0;[104, 92, 684, 120];levels_bd/training_468.txt
1000;2;0;0;10;0.002;0.0;0.0;[723, 96, 81, 100];levels_bd/training_945.txt
1000;2;3;0;0;0.002;0.003;0.0;[696, 98, 127, 79];levels_bd/training_1_30.txt
1000;4;7;0;0;0.004;0.007;0.0;[723, 101, 92, 84];levels_bd/training_630.txt
1000;2;5;0;0;0.002;0.005;0.0;[598, 150, 155, 97];levels_bd/training_488.txt
1000;2;0;0;10;0.002;0.0;0.0;[732, 88, 93, 87];levels_bd/training_314.txt
1000;5;4;0;0;0.005;0.004;0.0;[84, 99, 86, 731];levels_bd/training_325.txt
1000;2;5;0;0;0.002;0.005;0.0;[76, 96, 77, 751];levels_bd/training_967.txt
1000;4;0;0;20;0.004;0.0;0.0;[734, 92, 86, 88];levels_bd/training_1_22.txt
1000;3;4;0;0;0.003;0.004;0.0;[186, 99, 85, 630];levels_bd/training_173.txt
1000;6;11;0;0;0.006;0.011;0.0;[72, 92, 87, 749];levels_bd/training_9.txt
1000;0;0;0;0;0.0;0.0;0.0;[87, 767, 91, 55];levels_bd/training_351.txt
306;4;0;1;120;0.013071895424836602;0.0;0.0032679738562091504;[39, 129, 31, 107];levels_bd/training_559.txt
694;3;82;0;0;0.004322766570605188;0.11815561959654179;0.0;[70, 436, 66, 122];levels_bd/training_665.txt
1000;1;0;0;5;0.001;0.0;0.0;[89, 735, 86, 90];levels_bd/training_499.txt
1000;6;19;0;0;0.006;0.019;0.0;[68, 537, 88, 307];levels_bd/training_333.txt
202;7;1;1;130;0.034653465346534656;0.0049504950495049506;0.0049504950495049506;[17, 93, 13, 79];levels_bd/training_1_14.txt
798;8;13;0;0;0.010025062656641603;0.016290726817042606;0.0;[119, 203, 67, 409];levels_bd/training_566.txt
1000;1;1;0;0;0.001;0.001;0.0;[83, 121, 79, 717];levels_bd/training_1_182.txt
1000;3;0;0;15;0.003;0.0;0.0;[99, 81, 87, 733];levels_bd/training_23.txt
190;0;0;1;100;0.0;0.0;0.005263157894736842;[36, 66, 13, 75];levels_bd/training_209.txt
810;2;6;0;0;0.0024691358024691358;0.007407407407407408;0.0;[488, 104, 135, 83];levels_bd/training_207.txt
1000;7;16;0;0;0.007;0.016;0.0;[218, 252, 106, 424];levels_bd/training_310.txt
1000;5;6;0;20;0.005;0.006;0.0;[106, 301, 108, 485];levels_bd/training_399.txt
1000;0;1;0;0;0.0;0.001;0.0;[650, 170, 100, 80];levels_bd/training_246.txt
1000;4;2;0;10;0.004;0.002;0.0;[724, 103, 92, 81];levels_bd/training_886.txt
1000;1;2;0;0;0.001;0.002;0.0;[180, 124, 94, 602];levels_bd/training_524.txt
1000;0;1;0;0;0.0;0.001;0.0;[744, 98, 73, 85];levels_bd/training_1_167.txt
1000;1;0;0;5;0.001;0.0;0.0;[743, 85, 95, 77];levels_bd/training_856.txt
1000;0;0;0;0;0.0;0.0;0.0;[80, 416, 400, 104];levels_bd/training_335.txt
1000;3;5;0;0;0.003;0.005;0.0;[76, 454, 314, 156];levels_bd/training_588.txt
1000;2;31;0;0;0.002;0.031;0.0;[71, 390, 297, 242];levels_bd/training_1_172.txt
742;6;6;1;100;0.008086253369272238;0.008086253369272238;0.0013477088948787063;[51, 73, 280, 338];levels_bd/training_1_76.txt
258;3;3;0;0;0.011627906976744186;0.011627906976744186;0.0;[18, 114, 83, 43];levels_bd/training_925.txt
1000;4;18;0;0;0.004;0.018;0.0;[76, 573, 189, 162];levels_bd/training_1_108.txt
1000;2;13;0;0;0.002;0.013;0.0;[83, 335, 217, 365];levels_bd/training_470.txt
1000;1;0;0;5;0.001;0.0;0.0;[87, 757, 75, 81];levels_bd/training_895.txt
1000;1;5;0;0;0.001;0.005;0.0;[85, 647, 81, 187];levels_bd/training_637.txt
1000;2;2;0;0;0.002;0.002;0.0;[71, 350, 347, 232];levels_bd/training_181.txt
1000;5;0;0;25;0.005;0.0;0.0;[87, 700, 125, 88];levels_bd/training_216.txt
1000;5;1;0;15;0.005;0.001;0.0;[666, 162, 98, 74];levels_bd/training_1_137.txt
1000;2;0;0;10;0.002;0.0;0.0;[70, 773, 75, 82];levels_bd/training_745.txt
1000;7;0;0;35;0.007;0.0;0.0;[642, 153, 126, 79];levels_bd/training_15.txt
1000;3;107;0;0;0.003;0.107;0.0;[209, 161, 491, 139];levels_bd/training_1_48.txt
1000;2;0;0;10;0.002;0.0;0.0;[83, 762, 82, 73];levels_bd/training_456.txt
1000;4;2;0;0;0.004;0.002;0.0;[46, 551, 319, 84];levels_bd/training_824.txt
1000;1;0;0;5;0.001;0.0;0.0;[83, 763, 76, 78];levels_bd/training_218.txt
1000;1;0;0;5;0.001;0.0;0.0;[76, 761, 71, 92];levels_bd/training_702.txt
1000;0;0;0;0;0.0;0.0;0.0;[78, 782, 68, 72];levels_bd/training_139.txt
1000;8;7;0;15;0.008;0.007;0.0;[144, 662, 119, 75];levels_bd/training_1_91.txt
1000;1;0;0;5;0.001;0.0;0.0;[84, 73, 778, 65];levels_bd/training_8.txt
1000;1;4;0;5;0.001;0.004;0.0;[95, 372, 384, 149];levels_bd/training_760.txt
1000;3;10;0;0;0.003;0.01;0.0;[81, 149, 459, 311];levels_bd/training_1_86.txt
1000;6;7;0;0;0.006;0.007;0.0;[71, 355, 447, 127];levels_bd/training_1_40.txt
1000;6;7;0;0;0.006;0.007;0.0;[71, 257, 553, 119];levels_bd/training_452.txt
1000;2;6;0;0;0.002;0.006;0.0;[64, 87, 80, 769];levels_bd/training_1_162.txt
1000;3;0;0;15;0.003;0.0;0.0;[66, 406, 454, 74];levels_bd/training_27.txt
1000;1;0;0;5;0.001;0.0;0.0;[75, 180, 671, 74];levels_bd/training_793.txt
1000;0;3;0;0;0.0;0.003;0.0;[67, 143, 600, 190];levels_bd/training_1_16.txt
1000;4;14;0;5;0.004;0.014;0.0;[163, 470, 268, 99];levels_bd/training_580.txt
1000;2;0;0;10;0.002;0.0;0.0;[55, 76, 62, 807];levels_bd/training_634.txt
1000;1;4;0;0;0.001;0.004;0.0;[89, 93, 55, 763];levels_bd/training_4.txt
578;10;0;1;150;0.01730103806228374;0.0;0.0017301038062283738;[32, 92, 39, 415];levels_bd/training_758.txt
422;5;0;0;25;0.011848341232227487;0.0;0.0;[30, 267, 39, 86];levels_bd/training_1_147.txt
1000;0;15;0;0;0.0;0.015;0.0;[109, 237, 372, 282];levels_bd/training_377.txt
1000;1;1;0;0;0.001;0.001;0.0;[51, 65, 57, 827];levels_bd/training_905.txt
1000;1;2;0;0;0.001;0.002;0.0;[68, 75, 66, 791];levels_bd/training_788.txt
1000;2;4;0;5;0.002;0.004;0.0;[68, 80, 69, 783];levels_bd/training_769.txt
1000;0;0;0;0;0.0;0.0;0.0;[57, 51, 90, 802];levels_bd/training_1_104.txt
1000;0;9;0;0;0.0;0.009;0.0;[66, 67, 45, 822];levels_bd/training_638.txt
1000;1;0;0;5;0.001;0.0;0.0;[60, 74, 61, 805];levels_bd/training_625.txt
1000;0;0;0;0;0.0;0.0;0.0;[59, 58, 738, 145];levels_bd/training_676.txt
1000;7;13;0;5;0.007;0.013;0.0;[74, 202, 565, 159];levels_bd/training_830.txt
1000;2;0;0;10;0.002;0.0;0.0;[72, 58, 718, 152];levels_bd/training_1_148.txt
1000;1;0;0;5;0.001;0.0;0.0;[61, 70, 807, 62];levels_bd/training_326.txt
1000;0;0;0;0;0.0;0.0;0.0;[70, 61, 743, 126];levels_bd/training_547.txt
1000;2;0;0;10;0.002;0.0;0.0;[809, 64, 52, 75];levels_bd/training_130.txt
1000;0;5;0;0;0.0;0.005;0.0;[806, 60, 65, 69];levels_bd/training_102.txt
1000;1;1;0;0;0.001;0.001;0.0;[824, 58, 56, 62];levels_bd/training_370.txt
1000;3;0;0;15;0.003;0.0;0.0;[802, 81, 61, 56];levels_bd/training_34.txt
1000;1;6;0;0;0.001;0.006;0.0;[812, 47, 66, 75];levels_bd/training_411.txt
340;4;3;1;110;0.011764705882352941;0.008823529411764706;0.0029411764705882353;[117, 157, 38, 28];levels_bd/training_973.txt
660;1;0;0;5;0.0015151515151515152;0.0;0.0;[467, 114, 36, 43];levels_bd/training_526.txt
1000;7;18;0;0;0.007;0.018;0.0;[212, 433, 183, 172];levels_bd/training_577.txt
1000;2;0;0;10;0.002;0.0;0.0;[650, 79, 56, 215];levels_bd/training_159.txt
135;6;0;1;130;0.044444444444444446;0.0;0.007407407407407408;[28, 84, 7, 16];levels_bd/training_419.txt
865;1;2;0;5;0.0011560693641618498;0.0023121387283236996;0.0;[727, 41, 42, 55];levels_bd/training_920.txt
1000;0;0;0;0;0.0;0.0;0.0;[56, 845, 51, 48];levels_bd/training_731.txt
1000;1;0;0;5;0.001;0.0;0.0;[141, 742, 58, 59];levels_bd/training_337.txt
1000;1;2;0;0;0.001;0.002;0.0;[239, 612, 91, 58];levels_bd/training_1_29.txt
1000;2;4;0;0;0.002;0.004;0.0;[485, 241, 205, 69];levels_bd/training_804.txt
743;2;0;1;110;0.0026917900403768506;0.0;0.0013458950201884253;[274, 325, 70, 74];levels_bd/training_797.txt
257;2;1;0;0;0.007782101167315175;0.0038910505836575876;0.0;[55, 105, 66, 31];levels_bd/training_854.txt
1000;11;2;0;45;0.011;0.002;0.0;[69, 742, 115, 74];levels_bd/training_1_91.txt
1000;5;3;0;0;0.005;0.003;0.0;[499, 251, 195, 55];levels_bd/training_169.txt
1000;4;0;0;20;0.004;0.0;0.0;[485, 223, 229, 63];levels_bd/training_397.txt
1000;5;9;0;0;0.005;0.009;0.0;[367, 297, 190, 146];levels_bd/training_604.txt
1000;4;4;0;0;0.004;0.004;0.0;[179, 566, 178, 77];levels_bd/training_872.txt
1000;0;2;0;0;0.0;0.002;0.0;[293, 390, 270, 47];levels_bd/training_299.txt
1000;5;0;0;25;0.005;0.0;0.0;[53, 62, 74, 811];levels_bd/training_425.txt
1000;0;2;0;0;0.0;0.002;0.0;[66, 62, 481, 391];levels_bd/training_943.txt
1000;0;0;0;0;0.0;0.0;0.0;[50, 48, 56, 846];levels_bd/training_784.txt
1000;8;10;0;0;0.008;0.01;0.0;[51, 232, 475, 242];levels_bd/training_761.txt
1000;0;2;0;0;0.0;0.002;0.0;[55, 61, 41, 843];levels_bd/training_938.txt
1000;1;0;0;5;0.001;0.0;0.0;[56, 103, 765, 76];levels_bd/training_1_170.txt
1000;1;0;0;5;0.001;0.0;0.0;[44, 57, 749, 150];levels_bd/training_525.txt
1000;1;0;0;5;0.001;0.0;0.0;[63, 135, 670, 132];levels_bd/training_1_170.txt
1000;3;1;0;5;0.003;0.001;0.0;[556, 195, 188, 61];levels_bd/training_809.txt
1000;2;0;0;10;0.002;0.0;0.0;[285, 215, 221, 279];levels_bd/training_300.txt
1000;1;13;0;0;0.001;0.013;0.0;[337, 315, 119, 229];levels_bd/training_295.txt
1000;1;0;0;5;0.001;0.0;0.0;[505, 63, 45, 387];levels_bd/training_999.txt
1000;5;2;0;5;0.005;0.002;0.0;[259, 512, 41, 188];levels_bd/training_1_178.txt
1000;7;7;0;0;0.007;0.007;0.0;[230, 214, 93, 463];levels_bd/training_532.txt
1000;1;1;0;0;0.001;0.001;0.0;[273, 88, 76, 563];levels_bd/training_423.txt
1000;0;0;0;0;0.0;0.0;0.0;[61, 813, 52, 74];levels_bd/training_815.txt
1000;2;0;0;10;0.002;0.0;0.0;[46, 859, 48, 47];levels_bd/training_397.txt
1000;8;3;0;10;0.008;0.003;0.0;[717, 170, 67, 46];levels_bd/training_719.txt
1000;3;4;0;0;0.003;0.004;0.0;[762, 136, 46, 56];levels_bd/training_1_185.txt
1000;1;10;0;0;0.001;0.01;0.0;[180, 758, 30, 32];levels_bd/training_540.txt
1000;2;1;0;5;0.002;0.001;0.0;[867, 42, 43, 48];levels_bd/training_277.txt
1000;4;0;0;20;0.004;0.0;0.0;[41, 656, 263, 40];levels_bd/training_1_22.txt
1000;0;2;0;0;0.0;0.002;0.0;[808, 80, 76, 36];levels_bd/training_580.txt
1000;2;4;0;5;0.002;0.004;0.0;[710, 187, 64, 39];levels_bd/training_1_93.txt
1000;5;12;0;0;0.005;0.012;0.0;[48, 503, 299, 150];levels_bd/training_665.txt
1000;0;2;0;0;0.0;0.002;0.0;[161, 49, 34, 756];levels_bd/training_104.txt
1000;3;3;0;0;0.003;0.003;0.0;[866, 53, 40, 41];levels_bd/training_637.txt
1000;0;2;0;0;0.0;0.002;0.0;[70, 39, 819, 72];levels_bd/training_776.txt
1000;2;0;0;10;0.002;0.0;0.0;[41, 47, 885, 27];levels_bd/training_1_120.txt
1000;2;1;0;10;0.002;0.001;0.0;[45, 36, 46, 873];levels_bd/training_387.txt
1000;0;0;0;0;0.0;0.0;0.0;[36, 31, 891, 42];levels_bd/training_297.txt
1000;0;9;0;0;0.0;0.009;0.0;[245, 285, 282, 188];levels_bd/training_607.txt
1000;0;0;0;0;0.0;0.0;0.0;[32, 31, 899, 38];levels_bd/training_485.txt
1000;3;24;0;0;0.003;0.024;0.0;[248, 63, 594, 95];levels_bd/training_537.txt
1000;1;0;0;5;0.001;0.0;0.0;[26, 35, 903, 36];levels_bd/training_498.txt
1000;1;3;0;0;0.001;0.003;0.0;[758, 129, 70, 43];levels_bd/training_826.txt
1000;2;1;0;5;0.002;0.001;0.0;[31, 883, 38, 48];levels_bd/training_1_21.txt
1000;0;25;0;0;0.0;0.025;0.0;[223, 613, 60, 104];levels_bd/training_725.txt
1000;0;1;0;0;0.0;0.001;0.0;[661, 60, 38, 241];levels_bd/training_467.txt
1000;2;7;0;0;0.002;0.007;0.0;[566, 298, 101, 35];levels_bd/training_628.txt
1000;2;0;0;10;0.002;0.0;0.0;[29, 919, 26, 26];levels_bd/training_375.txt
1000;1;0;0;5;0.001;0.0;0.0;[37, 59, 22, 882];levels_bd/training_931.txt
1000;0;7;0;0;0.0;0.007;0.0;[145, 59, 38, 758];levels_bd/training_324.txt
1000;1;6;0;5;0.001;0.006;0.0;[147, 64, 85, 704];levels_bd/training_560.txt
1000;3;2;0;5;0.003;0.002;0.0;[49, 659, 111, 181];levels_bd/training_1_50.txt
1000;3;3;0;0;0.003;0.003;0.0;[46, 471, 408, 75];levels_bd/training_40.txt
1000;0;0;0;0;0.0;0.0;0.0;[30, 901, 37, 32];levels_bd/training_108.txt
1000;1;0;0;5;0.001;0.0;0.0;[117, 470, 314, 99];levels_bd/training_142.txt
1000;2;1;0;5;0.002;0.001;0.0;[31, 530, 413, 26];levels_bd/training_1_113.txt
546;3;1;1;110;0.005494505494505495;0.0018315018315018315;0.0018315018315018315;[172, 255, 54, 65];levels_bd/training_640.txt
454;1;0;0;5;0.0022026431718061676;0.0;0.0;[18, 212, 215, 9];levels_bd/training_100.txt
1000;1;0;0;5;0.001;0.0;0.0;[843, 32, 99, 26];levels_bd/training_479.txt
1000;1;5;0;5;0.001;0.005;0.0;[169, 572, 227, 32];levels_bd/training_884.txt
1000;4;11;0;0;0.004;0.011;0.0;[373, 550, 55, 22];levels_bd/training_893.txt
1000;2;11;0;0;0.002;0.011;0.0;[332, 611, 33, 24];levels_bd/training_192.txt
1000;2;0;0;10;0.002;0.0;0.0;[311, 641, 29, 19];levels_bd/training_761.txt
1000;0;0;0;0;0.0;0.0;0.0;[20, 33, 444, 503];levels_bd/training_120.txt
1000;3;2;0;0;0.003;0.002;0.0;[46, 38, 71, 845];levels_bd/training_161.txt
1000;3;2;0;0;0.003;0.002;0.0;[218, 58, 131, 593];levels_bd/training_351.txt
1000;2;0;0;10;0.002;0.0;0.0;[25, 41, 206, 728];levels_bd/training_1_59.txt
302;1;6;1;105;0.0033112582781456954;0.019867549668874173;0.0033112582781456954;[159, 11, 120, 12];levels_bd/training_432.txt
698;0;0;0;0;0.0;0.0;0.0;[226, 14, 26, 432];levels_bd/training_841.txt
693;7;0;1;135;0.010101010101010102;0.0;0.001443001443001443;[68, 555, 45, 25];levels_bd/training_187.txt
307;3;0;0;15;0.009771986970684038;0.0;0.0;[22, 240, 15, 30];levels_bd/training_23.txt
1000;5;6;0;0;0.005;0.006;0.0;[152, 602, 203, 43];levels_bd/training_371.txt
1000;1;0;0;5;0.001;0.0;0.0;[23, 927, 25, 25];levels_bd/training_284.txt
1000;0;1;0;0;0.0;0.001;0.0;[36, 915, 27, 22];levels_bd/training_680.txt
1000;0;0;0;0;0.0;0.0;0.0;[21, 928, 26, 25];levels_bd/training_255.txt
1000;2;4;0;0;0.002;0.004;0.0;[177, 764, 18, 41];levels_bd/training_458.txt
1000;0;1;0;0;0.0;0.001;0.0;[812, 71, 76, 41];levels_bd/training_1_112.txt
1000;0;0;0;0;0.0;0.0;0.0;[34, 913, 29, 24];levels_bd/training_328.txt
251;1;0;1;105;0.00398406374501992;0.0;0.00398406374501992;[54, 164, 16, 17];levels_bd/training_485.txt
749;1;0;0;5;0.0013351134846461949;0.0;0.0;[17, 695, 17, 20];levels_bd/training_688.txt
1000;1;0;0;5;0.001;0.0;0.0;[19, 942, 11, 28];levels_bd/training_456.txt
1000;0;0;0;0;0.0;0.0;0.0;[36, 924, 21, 19];levels_bd/training_852.txt
1000;0;0;0;0;0.0;0.0;0.0;[44, 901, 33, 22];levels_bd/training_503.txt
1000;1;6;0;0;0.001;0.006;0.0;[233, 694, 42, 31];levels_bd/training_1_59.txt
1000;4;1;0;15;0.004;0.001;0.0;[304, 569, 86, 41];levels_bd/training_753.txt
1000;2;0;0;10;0.002;0.0;0.0;[685, 254, 31, 30];levels_bd/training_570.txt
1000;4;10;0;0;0.004;0.01;0.0;[20, 925, 23, 32];levels_bd/training_408.txt
140;4;0;1;120;0.02857142857142857;0.0;0.007142857142857143;[21, 111, 3, 5];levels_bd/training_690.txt
860;1;0;0;5;0.0011627906976744186;0.0;0.0;[26, 789, 20, 25];levels_bd/training_452.txt
1000;0;1;0;0;0.0;0.001;0.0;[39, 873, 63, 25];levels_bd/training_1_172.txt
1000;0;0;0;0;0.0;0.0;0.0;[34, 911, 35, 20];levels_bd/training_780.txt
1000;0;9;0;0;0.0;0.009;0.0;[21, 245, 194, 540];levels_bd/training_1_114.txt
1000;0;0;0;0;0.0;0.0;0.0;[251, 65, 24, 660];levels_bd/training_56.txt
1000;0;0;0;0;0.0;0.0;0.0;[316, 43, 25, 616];levels_bd/training_85.txt
470;3;0;1;115;0.006382978723404255;0.0;0.002127659574468085;[118, 65, 17, 270];levels_bd/training_399.txt
530;4;0;0;20;0.007547169811320755;0.0;0.0;[88, 162, 7, 273];levels_bd/training_839.txt
1000;4;0;0;20;0.004;0.0;0.0;[426, 412, 119, 43];levels_bd/training_599.txt
1000;3;4;0;5;0.003;0.004;0.0;[250, 282, 318, 150];levels_bd/training_602.txt
1000;2;0;0;10;0.002;0.0;0.0;[28, 89, 23, 860];levels_bd/training_814.txt
1000;1;0;0;5;0.001;0.0;0.0;[27, 181, 18, 774];levels_bd/training_805.txt
1000;2;0;0;10;0.002;0.0;0.0;[34, 546, 28, 392];levels_bd/training_519.txt
1000;1;0;0;5;0.001;0.0;0.0;[45, 40, 26, 889];levels_bd/training_637.txt
1000;2;0;0;10;0.002;0.0;0.0;[23, 32, 37, 908];levels_bd/training_330.txt
1000;0;0;0;0;0.0;0.0;0.0;[22, 922, 35, 21];levels_bd/training_522.txt
1000;5;5;0;0;0.005;0.005;0.0;[26, 604, 308, 62];levels_bd/training_25.txt
1000;0;0;0;0;0.0;0.0;0.0;[27, 918, 24, 31];levels_bd/training_174.txt
1000;0;0;0;0;0.0;0.0;0.0;[19, 912, 29, 40];levels_bd/training_167.txt
1000;0;3;0;0;0.0;0.003;0.0;[23, 884, 62, 31];levels_bd/training_197.txt
1000;3;2;0;0;0.003;0.002;0.0;[94, 472, 417, 17];levels_bd/training_849.txt
1000;3;7;0;0;0.003;0.007;0.0;[19, 621, 288, 72];levels_bd/training_630.txt
1000;3;0;0;15;0.003;0.0;0.0;[21, 912, 32, 35];levels_bd/training_1_113.txt
1000;0;0;0;0;0.0;0.0;0.0;[27, 921, 29, 23];levels_bd/training_584.txt
1000;2;0;0;10;0.002;0.0;0.0;[30, 881, 60, 29];levels_bd/training_472.txt
1000;2;1;0;10;0.002;0.001;0.0;[23, 38, 615, 324];levels_bd/training_1_120.txt
1000;0;0;0;0;0.0;0.0;0.0;[28, 18, 458, 496];levels_bd/training_462.txt
1000;1;0;0;5;0.001;0.0;0.0;[26, 22, 718, 234];levels_bd/training_506.txt
1000;1;0;0;5;0.001;0.0;0.0;[35, 119, 196, 650];levels_bd/training_1_199.txt
1000;3;1;0;10;0.003;0.001;0.0;[22, 39, 97, 842];levels_bd/training_18.txt
1000;1;0;0;5;0.001;0.0;0.0;[32, 920, 21, 27];levels_bd/training_183.txt
1000;1;1;0;0;0.001;0.001;0.0;[27, 436, 411, 126];levels_bd/training_99.txt
1000;3;2;0;0;0.003;0.002;0.0;[125, 329, 337, 209];levels_bd/training_263.txt
1000;3;2;0;0;0.003;0.002;0.0;[27, 142, 174, 657];levels_bd/training_1_23.txt
1000;0;0;0;0;0.0;0.0;0.0;[23, 922, 32, 23];levels_bd/training_836.txt
1000;0;0;0;0;0.0;0.0;0.0;[21, 24, 929, 26];levels_bd/training_983.txt
1000;1;0;0;5;0.001;0.0;0.0;[28, 17, 931, 24];levels_bd/training_519.txt
1000;1;0;0;5;0.001;0.0;0.0;[33, 24, 913, 30];levels_bd/training_626.txt
1000;0;0;0;0;0.0;0.0;0.0;[22, 22, 926, 30];levels_bd/training_638.txt
1000;0;0;0;0;0.0;0.0;0.0;[21, 24, 926, 29];levels_bd/training_672.txt
1000;0;0;0;0;0.0;0.0;0.0;[20, 258, 696, 26];levels_bd/training_1_124.txt
1000;1;4;0;0;0.001;0.004;0.0;[128, 711, 134, 27];levels_bd/training_22.txt
1000;6;4;0;10;0.006;0.004;0.0;[22, 707, 239, 32];levels_bd/training_461.txt
161;3;0;1;115;0.018633540372670808;0.0;0.006211180124223602;[3, 98, 52, 8];levels_bd/training_191.txt
839;0;0;0;0;0.0;0.0;0.0;[22, 782, 18, 17];levels_bd/training_936.txt
1000;2;1;0;5;0.002;0.001;0.0;[20, 847, 105, 28];levels_bd/training_317.txt
1000;0;0;0;0;0.0;0.0;0.0;[23, 928, 27, 22];levels_bd/training_364.txt
1000;1;0;0;5;0.001;0.0;0.0;[29, 470, 471, 30];levels_bd/training_229.txt
1000;0;1;0;0;0.0;0.001;0.0;[23, 915, 35, 27];levels_bd/training_167.txt
1000;9;8;0;5;0.009;0.008;0.0;[132, 524, 295, 49];levels_bd/training_553.txt
1000;0;1;0;0;0.0;0.001;0.0;[30, 917, 26, 27];levels_bd/training_167.txt
1000;0;1;0;0;0.0;0.001;0.0;[913, 25, 28, 34];levels_bd/training_918.txt
1000;1;0;0;5;0.001;0.0;0.0;[656, 287, 29, 28];levels_bd/training_166.txt
1000;2;0;0;10;0.002;0.0;0.0;[915, 25, 35, 25];levels_bd/training_1_18.txt
1000;4;0;0;20;0.004;0.0;0.0;[502, 381, 87, 30];levels_bd/training_992.txt
1000;1;0;0;5;0.001;0.0;0.0;[889, 45, 44, 22];levels_bd/training_352.txt
1000;1;0;0;5;0.001;0.0;0.0;[32, 466, 466, 36];levels_bd/training_171.txt
1000;1;0;0;5;0.001;0.0;0.0;[26, 19, 925, 30];levels_bd/training_1_129.txt
1000;0;0;0;0;0.0;0.0;0.0;[28, 469, 473, 30];levels_bd/training_826.txt
1000;1;0;0;5;0.001;0.0;0.0;[309, 29, 642, 20];levels_bd/training_991.txt
1000;1;0;0;5;0.001;0.0;0.0;[29, 873, 77, 21];levels_bd/training_100.txt
1000;1;0;0;5;0.001;0.0;0.0;[27, 145, 793, 35];levels_bd/training_508.txt
1000;3;0;0;15;0.003;0.0;0.0;[27, 812, 128, 33];levels_bd/training_203.txt
1000;2;0;0;10;0.002;0.0;0.0;[21, 477, 475, 27];levels_bd/training_200.txt
1000;3;0;0;15;0.003;0.0;0.0;[185, 45, 749, 21];levels_bd/training_76.txt
1000;1;0;0;5;0.001;0.0;0.0;[29, 21, 924, 26];levels_bd/training_142.txt
1000;1;1;0;5;0.001;0.001;0.0;[40, 53, 755, 152];levels_bd/training_984.txt
1000;4;3;0;0;0.004;0.003;0.0;[21, 52, 892, 35];levels_bd/training_1_146.txt
1000;0;0;0;0;0.0;0.0;0.0;[37, 134, 764, 65];levels_bd/training_72.txt
1000;5;0;0;25;0.005;0.0;0.0;[29, 34, 904, 33];levels_bd/training_938.txt
1000;0;0;0;0;0.0;0.0;0.0;[21, 24, 920, 35];levels_bd/training_47.txt
1000;0;0;0;0;0.0;0.0;0.0;[22, 933, 19, 26];levels_bd/training_261.txt
1000;2;3;0;0;0.002;0.003;0.0;[29, 201, 212, 558];levels_bd/training_197.txt
1000;0;0;0;0;0.0;0.0;0.0;[26, 34, 905, 35];levels_bd/training_652.txt
1000;1;0;0;5;0.001;0.0;0.0;[25, 92, 96, 787];levels_bd/training_990.txt
1000;2;2;0;0;0.002;0.002;0.0;[32, 440, 503, 25];levels_bd/training_685.txt
1000;1;0;0;5;0.001;0.0;0.0;[18, 26, 921, 35];levels_bd/training_823.txt
1000;1;2;0;0;0.001;0.002;0.0;[24, 96, 857, 23];levels_bd/training_903.txt
1000;1;0;0;5;0.001;0.0;0.0;[26, 466, 472, 36];levels_bd/training_760.txt
410;5;0;1;125;0.012195121951219513;0.0;0.0024390243902439024;[12, 170, 218, 10];levels_bd/training_938.txt
590;1;1;0;0;0.001694915254237288;0.001694915254237288;0.0;[68, 221, 287, 14];levels_bd/training_70.txt
1000;3;9;0;0;0.003;0.009;0.0;[87, 357, 486, 70];levels_bd/training_140.txt
1000;2;4;0;5;0.002;0.004;0.0;[27, 24, 919, 30];levels_bd/training_60.txt
1000;7;2;0;15;0.007;0.002;0.0;[25, 155, 802, 18];levels_bd/training_372.txt
171;6;0;1;130;0.03508771929824561;0.0;0.005847953216374269;[2, 33, 125, 11];levels_bd/training_724.txt
736;3;1;1;115;0.004076086956521739;0.001358695652173913;0.001358695652173913;[22, 299, 397, 18];levels_bd/training_312.txt
93;0;0;0;0;0.0;0.0;0.0;[1, 3, 86, 3];levels_bd/training_63.txt
1000;0;0;0;0;0.0;0.0;0.0;[26, 28, 916, 30];levels_bd/training_1_56.txt
1000;2;0;0;10;0.002;0.0;0.0;[28, 70, 871, 31];levels_bd/training_1_154.txt
1000;1;0;0;5;0.001;0.0;0.0;[28, 24, 921, 27];levels_bd/training_1_94.txt
1000;4;0;0;20;0.004;0.0;0.0;[93, 712, 143, 52];levels_bd/training_1_75.txt
1000;0;0;0;0;0.0;0.0;0.0;[26, 17, 934, 23];levels_bd/training_576.txt
1000;0;0;0;0;0.0;0.0;0.0;[30, 39, 883, 48];levels_bd/training_910.txt
1000;0;0;0;0;0.0;0.0;0.0;[26, 468, 476, 30];levels_bd/training_80.txt
1000;0;0;0;0;0.0;0.0;0.0;[33, 447, 454, 66];levels_bd/training_263.txt
1000;0;0;0;0;0.0;0.0;0.0;[20, 926, 25, 29];levels_bd/training_1_134.txt
1000;3;1;0;5;0.003;0.001;0.0;[22, 520, 398, 60];levels_bd/training_1_106.txt
1000;1;0;0;5;0.001;0.0;0.0;[20, 431, 514, 35];levels_bd/training_801.txt
1000;2;1;0;10;0.002;0.001;0.0;[20, 837, 72, 71];levels_bd/training_1_20.txt
1000;1;0;0;5;0.001;0.0;0.0;[18, 437, 425, 120];levels_bd/training_694.txt
1000;0;0;0;0;0.0;0.0;0.0;[20, 82, 877, 21];levels_bd/training_90.txt
1000;1;0;0;5;0.001;0.0;0.0;[33, 210, 693, 64];levels_bd/training_283.txt
1000;0;1;0;0;0.0;0.001;0.0;[24, 455, 479, 42];levels_bd/training_1_123.txt
1000;0;0;0;0;0.0;0.0;0.0;[22, 465, 469, 44];levels_bd/training_1_97.txt
1000;2;0;0;10;0.002;0.0;0.0;[27, 486, 448, 39];levels_bd/training_893.txt
1000;1;0;0;5;0.001;0.0;0.0;[34, 916, 23, 27];levels_bd/training_126.txt
1000;1;0;0;5;0.001;0.0;0.0;[28, 26, 448, 498];levels_bd/training_383.txt
1000;4;1;0;10;0.004;0.001;0.0;[21, 316, 368, 295];levels_bd/training_567.txt
1000;0;2;0;0;0.0;0.002;0.0;[24, 631, 258, 87];levels_bd/training_1_30.txt
1000;1;9;0;0;0.001;0.009;0.0;[22, 926, 25, 27];levels_bd/training_4.txt
1000;1;1;0;0;0.001;0.001;0.0;[26, 854, 93, 27];levels_bd/training_14.txt
934;2;4;1;100;0.0021413276231263384;0.004282655246252677;0.0010706638115631692;[17, 731, 162, 24];levels_bd/training_839.txt
66;1;0;0;5;0.015151515151515152;0.0;0.0;[2, 51, 10, 3];levels_bd/training_180.txt
1000;3;3;0;0;0.003;0.003;0.0;[33, 780, 158, 29];levels_bd/training_923.txt
1000;0;0;0;0;0.0;0.0;0.0;[18, 933, 26, 23];levels_bd/training_941.txt
1000;0;0;0;0;0.0;0.0;0.0;[30, 56, 892, 22];levels_bd/training_1_82.txt
1000;1;12;0;5;0.001;0.012;0.0;[33, 119, 827, 21];levels_bd/training_1_145.txt
1000;3;3;0;0;0.003;0.003;0.0;[24, 42, 895, 39];levels_bd/training_406.txt
1000;0;1;0;0;0.0;0.001;0.0;[22, 53, 904, 21];levels_bd/training_157.txt
1000;5;2;0;5;0.005;0.002;0.0;[31, 94, 840, 35];levels_bd/training_773.txt
1000;7;2;0;15;0.007;0.002;0.0;[50, 157, 771, 22];levels_bd/training_442.txt
1000;0;0;0;0;0.0;0.0;0.0;[26, 20, 929, 25];levels_bd/training_1_106.txt
1000;1;0;0;5;0.001;0.0;0.0;[27, 468, 466, 39];levels_bd/training_370.txt
1000;1;0;0;5;0.001;0.0;0.0;[19, 79, 883, 19];levels_bd/training_1_36.txt
1000;2;0;0;10;0.002;0.0;0.0;[32, 352, 586, 30];levels_bd/training_686.txt
1000;0;0;0;0;0.0;0.0;0.0;[918, 32, 30, 20];levels_bd/training_505.txt
1000;5;2;0;5;0.005;0.002;0.0;[831, 113, 28, 28];levels_bd/training_1_96.txt
1000;6;3;0;5;0.006;0.003;0.0;[624, 256, 95, 25];levels_bd/training_1_0.txt
1000;0;0;0;0;0.0;0.0;0.0;[921, 25, 25, 29];levels_bd/training_146.txt
1000;2;8;0;0;0.002;0.008;0.0;[912, 36, 22, 30];levels_bd/training_609.txt
1000;6;6;0;0;0.006;0.006;0.0;[39, 205, 735, 21];levels_bd/training_494.txt
1000;0;7;0;0;0.0;0.007;0.0;[26, 87, 865, 22];levels_bd/training_898.txt
1000;5;6;0;0;0.005;0.006;0.0;[30, 198, 740, 32];levels_bd/training_358.txt
1000;3;8;0;0;0.003;0.008;0.0;[16, 257, 708, 19];levels_bd/training_469.txt
1000;3;0;0;15;0.003;0.0;0.0;[34, 35, 892, 39];levels_bd/training_773.txt
1000;8;4;0;0;0.008;0.004;0.0;[28, 252, 688, 32];levels_bd/training_748.txt
1000;9;3;0;15;0.009;0.003;0.0;[175, 417, 381, 27];levels_bd/training_378.txt
1000;0;0;0;0;0.0;0.0;0.0;[29, 50, 896, 25];levels_bd/training_680.txt
1000;0;0;0;0;0.0;0.0;0.0;[23, 35, 919, 23];levels_bd/training_1_56.txt
380;3;0;1;115;0.007894736842105263;0.0;0.002631578947368421;[38, 71, 264, 7];levels_bd/training_865.txt
379;1;0;1;105;0.002638522427440633;0.0;0.002638522427440633;[18, 151, 200, 10];levels_bd/training_545.txt
241;2;0;0;10;0.008298755186721992;0.0;0.0;[6, 24, 206, 5];levels_bd/training_98.txt
1000;1;0;0;5;0.001;0.0;0.0;[23, 378, 579, 20];levels_bd/training_564.txt
1000;2;0;0;10;0.002;0.0;0.0;[30, 452, 494, 24];levels_bd/training_1_43.txt
1000;7;2;0;25;0.007;0.002;0.0;[53, 104, 811, 32];levels_bd/training_881.txt
1000;1;0;0;5;0.001;0.0;0.0;[21, 100, 856, 23];levels_bd/training_1_164.txt
1000;0;0;0;0;0.0;0.0;0.0;[27, 473, 479, 21];levels_bd/training_883.txt
1000;0;0;0;0;0.0;0.0;0.0;[23, 919, 31, 27];levels_bd/training_482.txt
1000;2;0;0;10;0.002;0.0;0.0;[20, 736, 224, 20];levels_bd/training_1_143.txt
1000;0;5;0;0;0.0;0.005;0.0;[36, 611, 327, 26];levels_bd/training_176.txt
1000;1;0;0;5;0.001;0.0;0.0;[27, 384, 560, 29];levels_bd/training_1_111.txt
1000;0;0;0;0;0.0;0.0;0.0;[29, 876, 71, 24];levels_bd/training_1_123.txt
1000;0;8;0;0;0.0;0.008;0.0;[21, 667, 284, 28];levels_bd/training_856.txt
1000;1;6;0;0;0.001;0.006;0.0;[40, 795, 36, 129];levels_bd/training_795.txt
1000;2;1;0;5;0.002;0.001;0.0;[27, 856, 92, 25];levels_bd/training_1_195.txt
1000;5;2;0;10;0.005;0.002;0.0;[71, 606, 281, 42];levels_bd/training_376.txt
1000;1;7;0;0;0.001;0.007;0.0;[43, 510, 401, 46];levels_bd/training_689.txt
1000;0;0;0;0;0.0;0.0;0.0;[101, 30, 839, 30];levels_bd/training_750.txt
1000;2;0;0;10;0.002;0.0;0.0;[495, 24, 453, 28];levels_bd/training_847.txt
1000;4;12;0;0;0.004;0.012;0.0;[492, 374, 99, 35];levels_bd/training_537.txt
1000;2;2;0;10;0.002;0.002;0.0;[416, 27, 538, 19];levels_bd/training_1_171.txt
1000;1;0;0;5;0.001;0.0;0.0;[490, 28, 454, 28];levels_bd/training_251.txt
1000;0;0;0;0;0.0;0.0;0.0;[31, 57, 889, 23];levels_bd/training_63.txt
1000;0;0;0;0;0.0;0.0;0.0;[19, 29, 928, 24];levels_bd/training_892.txt
1000;1;0;0;5;0.001;0.0;0.0;[24, 29, 924, 23];levels_bd/training_976.txt
1000;0;0;0;0;0.0;0.0;0.0;[19, 124, 835, 22];levels_bd/training_1_75.txt
1000;4;2;0;0;0.004;0.002;0.0;[23, 293, 663, 21];levels_bd/training_970.txt
1000;2;0;0;10;0.002;0.0;0.0;[140, 418, 408, 34];levels_bd/training_383.txt
1000;1;0;0;5;0.001;0.0;0.0;[923, 30, 18, 29];levels_bd/training_836.txt
1000;3;0;0;15;0.003;0.0;0.0;[909, 34, 34, 23];levels_bd/training_239.txt
1000;3;0;0;15;0.003;0.0;0.0;[909, 38, 26, 27];levels_bd/training_271.txt
1000;3;0;0;15;0.003;0.0;0.0;[877, 46, 52, 25];levels_bd/training_789.txt
1000;1;13;0;0;0.001;0.013;0.0;[788, 160, 24, 28];levels_bd/training_1_82.txt
1000;2;0;0;10;0.002;0.0;0.0;[67, 884, 27, 22];levels_bd/training_634.txt
1000;3;14;0;15;0.003;0.014;0.0;[317, 402, 265, 16];levels_bd/training_588.txt
1000;0;1;0;0;0.0;0.001;0.0;[79, 879, 18, 24];levels_bd/training_831.txt
1000;1;0;0;5;0.001;0.0;0.0;[853, 74, 55, 18];levels_bd/training_772.txt
1000;0;0;0;0;0.0;0.0;0.0;[37, 21, 913, 29];levels_bd/training_1_157.txt
1000;2;2;0;0;0.002;0.002;0.0;[343, 127, 499, 31];levels_bd/training_58.txt
276;2;0;1;110;0.007246376811594203;0.0;0.0036231884057971015;[98, 33, 137, 8];levels_bd/training_938.txt
724;0;0;0;0;0.0;0.0;0.0;[19, 11, 676, 18];levels_bd/training_387.txt
1000;0;0;0;0;0.0;0.0;0.0;[27, 25, 915, 33];levels_bd/training_23.txt
1000;1;0;0;5;0.001;0.0;0.0;[815, 103, 57, 25];levels_bd/training_406.txt
396;7;2;1;125;0.017676767676767676;0.005050505050505051;0.0025252525252525255;[9, 94, 280, 13];levels_bd/training_581.txt
604;0;0;0;0;0.0;0.0;0.0;[8, 19, 563, 14];levels_bd/training_628.txt
195;3;0;1;115;0.015384615384615385;0.0;0.005128205128205128;[8, 40, 140, 7];levels_bd/training_524.txt
805;1;0;0;5;0.0012422360248447205;0.0;0.0;[15, 32, 742, 16];levels_bd/training_1_175.txt
1000;1;2;0;0;0.001;0.002;0.0;[29, 58, 889, 24];levels_bd/training_568.txt
1000;3;6;0;0;0.003;0.006;0.0;[22, 250, 705, 23];levels_bd/training_24.txt
1000;0;23;0;0;0.0;0.023;0.0;[33, 260, 683, 24];levels_bd/training_794.txt
1000;2;0;0;10;0.002;0.0;0.0;[297, 338, 338, 27];levels_bd/training_727.txt
1000;1;4;0;0;0.001;0.004;0.0;[103, 433, 438, 26];levels_bd/training_460.txt
1000;2;0;0;10;0.002;0.0;0.0;[382, 297, 293, 28];levels_bd/training_882.txt
1000;0;0;0;0;0.0;0.0;0.0;[370, 461, 134, 35];levels_bd/training_190.txt
1000;0;10;0;0;0.0;0.01;0.0;[58, 531, 385, 26];levels_bd/training_729.txt
1000;1;0;0;5;0.001;0.0;0.0;[926, 23, 35, 16];levels_bd/training_878.txt
1000;0;0;0;0;0.0;0.0;0.0;[31, 484, 444, 41];levels_bd/training_242.txt
1000;4;1;0;10;0.004;0.001;0.0;[908, 37, 28, 27];levels_bd/training_878.txt
1000;0;0;0;0;0.0;0.0;0.0;[93, 542, 331, 34];levels_bd/training_1_122.txt
1000;4;0;0;20;0.004;0.0;0.0;[765, 89, 105, 41];levels_bd/training_1_53.txt
1000;0;17;0;0;0.0;0.017;0.0;[24, 853, 62, 61];levels_bd/training_480.txt
1000;1;0;0;5;0.001;0.0;0.0;[32, 928, 16, 24];levels_bd/training_715.txt
1000;1;0;0;5;0.001;0.0;0.0;[27, 924, 24, 25];levels_bd/training_175.txt
1000;1;0;0;5;0.001;0.0;0.0;[25, 926, 23, 26];levels_bd/training_240.txt
1000;0;0;0;0;0.0;0.0;0.0;[30, 918, 24, 28];levels_bd/training_768.txt
144;2;0;1;110;0.013888888888888888;0.0;0.006944444444444444;[3, 7, 128, 6];levels_bd/training_158.txt
856;1;0;0;5;0.0011682242990654205;0.0;0.0;[16, 30, 782, 28];levels_bd/training_309.txt
1000;0;0;0;0;0.0;0.0;0.0;[23, 20, 919, 38];levels_bd/training_453.txt
1000;2;0;0;10;0.002;0.0;0.0;[24, 31, 922, 23];levels_bd/training_430.txt
1000;1;0;0;5;0.001;0.0;0.0;[22, 25, 918, 35];levels_bd/training_519.txt
1000;1;0;0;5;0.001;0.0;0.0;[19, 34, 914, 33];levels_bd/training_979.txt
1000;4;4;0;15;0.004;0.004;0.0;[29, 416, 534, 21];levels_bd/training_1_63.txt
981;0;0;1;100;0.0;0.0;0.0010193679918450561;[36, 254, 674, 17];levels_bd/training_739.txt
19;0;0;0;0;0.0;0.0;0.0;[1, 3, 14, 1];levels_bd/training_724.txt
1000;2;0;0;10;0.002;0.0;0.0;[29, 392, 547, 32];levels_bd/training_1_34.txt
1000;1;4;0;0;0.001;0.004;0.0;[23, 423, 536, 18];levels_bd/training_134.txt
1000;2;0;0;10;0.002;0.0;0.0;[27, 17, 936, 20];levels_bd/training_1_96.txt
1000;1;4;0;0;0.001;0.004;0.0;[32, 203, 21, 744];levels_bd/training_342.txt
1000;3;4;0;0;0.003;0.004;0.0;[22, 127, 26, 825];levels_bd/training_671.txt
1000;2;2;0;0;0.002;0.002;0.0;[29, 41, 31, 899];levels_bd/training_909.txt
1000;1;0;0;5;0.001;0.0;0.0;[16, 46, 38, 900];levels_bd/training_917.txt
1000;0;1;0;0;0.0;0.001;0.0;[29, 38, 39, 894];levels_bd/training_345.txt
1000;3;11;0;5;0.003;0.011;0.0;[22, 363, 411, 204];levels_bd/training_384.txt
1000;0;0;0;0;0.0;0.0;0.0;[26, 897, 23, 54];levels_bd/training_123.txt
1000;2;0;0;10;0.002;0.0;0.0;[23, 25, 24, 928];levels_bd/training_1_76.txt
1000;1;0;0;5;0.001;0.0;0.0;[27, 23, 30, 920];levels_bd/training_841.txt
1000;5;0;0;25;0.005;0.0;0.0;[25, 573, 38, 364];levels_bd/training_1_21.txt
1000;0;10;0;0;0.0;0.01;0.0;[25, 904, 25, 46];levels_bd/training_480.txt
1000;0;0;0;0;0.0;0.0;0.0;[26, 894, 32, 48];levels_bd/training_418.txt
1000;2;0;0;10;0.002;0.0;0.0;[23, 911, 29, 37];levels_bd/training_939.txt
1000;1;0;0;5;0.001;0.0;0.0;[20, 924, 23, 33];levels_bd/training_65.txt
1000;1;0;0;5;0.001;0.0;0.0;[25, 922, 23, 30];levels_bd/training_602.txt
1000;1;0;0;5;0.001;0.0;0.0;[31, 597, 24, 348];levels_bd/training_109.txt
70;1;0;1;105;0.014285714285714285;0.0;0.014285714285714285;[1, 40, 2, 27];levels_bd/training_675.txt
930;2;0;0;10;0.002150537634408602;0.0;0.0;[22, 374, 21, 513];levels_bd/training_798.txt
106;1;0;1;105;0.009433962264150943;0.0;0.009433962264150943;[3, 59, 4, 40];levels_bd/training_973.txt
894;6;2;0;10;0.006711409395973154;0.0022371364653243847;0.0;[27, 302, 143, 422];levels_bd/training_166.txt
1000;3;3;0;5;0.003;0.003;0.0;[47, 416, 31, 506];levels_bd/training_574.txt
1000;7;2;0;25;0.007;0.002;0.0;[26, 834, 19, 121];levels_bd/training_303.txt
1000;2;0;0;10;0.002;0.0;0.0;[276, 31, 662, 31];levels_bd/training_754.txt
1000;0;0;0;0;0.0;0.0;0.0;[840, 57, 73, 30];levels_bd/training_606.txt
1000;4;1;0;10;0.004;0.001;0.0;[635, 228, 108, 29];levels_bd/training_11.txt
1000;1;0;0;5;0.001;0.0;0.0;[641, 20, 312, 27];levels_bd/training_311.txt
1000;2;0;0;10;0.002;0.0;0.0;[338, 319, 302, 41];levels_bd/training_619.txt
1000;1;0;0;5;0.001;0.0;0.0;[890, 47, 30, 33];levels_bd/training_845.txt
1000;0;0;0;0;0.0;0.0;0.0;[27, 924, 25, 24];levels_bd/training_645.txt
1000;5;0;0;25;0.005;0.0;0.0;[42, 897, 37, 24];levels_bd/training_854.txt
1000;1;3;0;0;0.001;0.003;0.0;[104, 766, 99, 31];levels_bd/training_30.txt
1000;1;0;0;5;0.001;0.0;0.0;[26, 920, 26, 28];levels_bd/training_708.txt
1000;2;3;0;0;0.002;0.003;0.0;[923, 28, 26, 23];levels_bd/training_441.txt
1000;1;0;0;5;0.001;0.0;0.0;[924, 22, 37, 17];levels_bd/training_19.txt
1000;1;0;0;5;0.001;0.0;0.0;[925, 22, 23, 30];levels_bd/training_664.txt
1000;0;3;0;0;0.0;0.003;0.0;[909, 29, 39, 23];levels_bd/training_908.txt
1000;1;1;0;0;0.001;0.001;0.0;[925, 27, 21, 27];levels_bd/training_1_56.txt
1000;1;0;0;5;0.001;0.0;0.0;[23, 467, 468, 42];levels_bd/training_1_69.txt
1000;1;0;0;5;0.001;0.0;0.0;[25, 35, 916, 24];levels_bd/training_342.txt
1000;0;0;0;0;0.0;0.0;0.0;[32, 423, 423, 122];levels_bd/training_184.txt
1000;2;1;0;5;0.002;0.001;0.0;[27, 458, 485, 30];levels_bd/training_321.txt
1000;3;0;0;15;0.003;0.0;0.0;[34, 425, 517, 24];levels_bd/training_1_154.txt
1000;3;0;0;15;0.003;0.0;0.0;[19, 494, 462, 25];levels_bd/training_342.txt
1000;1;0;0;5;0.001;0.0;0.0;[29, 922, 28, 21];levels_bd/training_739.txt
1000;2;1;0;5;0.002;0.001;0.0;[33, 539, 407, 21];levels_bd/training_767.txt
1000;0;0;0;0;0.0;0.0;0.0;[23, 925, 24, 28];levels_bd/training_658.txt
1000;0;0;0;0;0.0;0.0;0.0;[21, 524, 417, 38];levels_bd/training_600.txt
1000;0;0;0;0;0.0;0.0;0.0;[24, 32, 922, 22];levels_bd/training_237.txt
1000;0;0;0;0;0.0;0.0;0.0;[28, 26, 919, 27];levels_bd/training_194.txt
1000;6;1;0;20;0.006;0.001;0.0;[22, 35, 895, 48];levels_bd/training_876.txt
1000;1;0;0;5;0.001;0.0;0.0;[28, 32, 920, 20];levels_bd/training_466.txt
1000;5;2;0;10;0.005;0.002;0.0;[34, 76, 842, 48];levels_bd/training_416.txt
1000;9;2;0;35;0.009;0.002;0.0;[56, 72, 825, 47];levels_bd/training_803.txt
1000;0;0;0;0;0.0;0.0;0.0;[17, 34, 920, 29];levels_bd/training_843.txt
1000;4;2;0;10;0.004;0.002;0.0;[157, 62, 719, 62];levels_bd/training_153.txt
1000;5;0;0;25;0.005;0.0;0.0;[553, 38, 76, 333];levels_bd/training_1_49.txt
1000;2;0;0;10;0.002;0.0;0.0;[68, 65, 830, 37];levels_bd/training_501.txt
1000;2;0;0;10;0.002;0.0;0.0;[25, 27, 37, 911];levels_bd/training_11.txt
1000;0;0;0;0;0.0;0.0;0.0;[26, 18, 30, 926];levels_bd/training_21.txt
1000;2;0;0;10;0.002;0.0;0.0;[20, 33, 61, 886];levels_bd/training_785.txt
1000;0;0;0;0;0.0;0.0;0.0;[24, 29, 221, 726];levels_bd/training_300.txt
1000;3;2;0;15;0.003;0.002;0.0;[17, 41, 815, 127];levels_bd/training_1_150.txt
1000;0;16;0;0;0.0;0.016;0.0;[750, 27, 60, 163];levels_bd/training_370.txt
1000;2;0;0;10;0.002;0.0;0.0;[19, 515, 413, 53];levels_bd/training_131.txt
1000;1;0;0;5;0.001;0.0;0.0;[27, 24, 929, 20];levels_bd/training_1_153.txt
1000;1;0;0;5;0.001;0.0;0.0;[20, 62, 894, 24];levels_bd/training_1_159.txt
1000;0;1;0;0;0.0;0.001;0.0;[38, 50, 45, 867];levels_bd/training_329.txt
1000;1;1;0;0;0.001;0.001;0.0;[936, 19, 24, 21];levels_bd/training_60.txt
1000;1;1;0;5;0.001;0.001;0.0;[948, 21, 17, 14];levels_bd/training_162.txt
1000;1;3;0;0;0.001;0.003;0.0;[933, 18, 27, 22];levels_bd/training_1_168.txt
1000;0;0;0;0;0.0;0.0;0.0;[917, 27, 19, 37];levels_bd/training_884.txt
1000;1;1;0;0;0.001;0.001;0.0;[918, 28, 30, 24];levels_bd/training_833.txt
1000;0;0;0;0;0.0;0.0;0.0;[932, 22, 19, 27];levels_bd/training_415.txt
1000;2;4;0;0;0.002;0.004;0.0;[934, 24, 19, 23];levels_bd/training_116.txt
1000;1;4;0;0;0.001;0.004;0.0;[926, 27, 23, 24];levels_bd/training_1_21.txt
1000;2;0;0;10;0.002;0.0;0.0;[923, 22, 27, 28];levels_bd/training_860.txt
1000;2;5;0;0;0.002;0.005;0.0;[921, 18, 33, 28];levels_bd/training_816.txt
1000;2;0;0;10;0.002;0.0;0.0;[936, 22, 20, 22];levels_bd/training_37.txt
1000;1;2;0;0;0.001;0.002;0.0;[920, 25, 29, 26];levels_bd/training_1_10.txt
1000;0;6;0;0;0.0;0.006;0.0;[926, 21, 34, 19];levels_bd/training_880.txt
1000;1;0;0;5;0.001;0.0;0.0;[921, 28, 27, 24];levels_bd/training_848.txt
1000;1;9;0;0;0.001;0.009;0.0;[926, 25, 28, 21];levels_bd/training_1_83.txt
1000;0;0;0;0;0.0;0.0;0.0;[925, 25, 23, 27];levels_bd/training_64.txt
1000;1;0;0;5;0.001;0.0;0.0;[906, 30, 32, 32];levels_bd/training_313.txt
1000;1;0;0;5;0.001;0.0;0.0;[943, 20, 15, 22];levels_bd/training_587.txt
1000;1;3;0;0;0.001;0.003;0.0;[937, 26, 16, 21];levels_bd/training_162.txt
1000;0;0;0;0;0.0;0.0;0.0;[909, 26, 42, 23];levels_bd/training_549.txt
1000;0;7;0;0;0.0;0.007;0.0;[933, 24, 29, 14];levels_bd/training_807.txt
1000;3;4;0;0;0.003;0.004;0.0;[924, 22, 22, 32];levels_bd/training_1_118.txt
1000;3;0;0;15;0.003;0.0;0.0;[910, 24, 25, 41];levels_bd/training_830.txt
1000;0;0;0;0;0.0;0.0;0.0;[921, 27, 25, 27];levels_bd/training_1_142.txt
1000;1;0;0;5;0.001;0.0;0.0;[923, 24, 25, 28];levels_bd/training_1_136.txt
1000;2;2;0;0;0.002;0.002;0.0;[930, 25, 23, 22];levels_bd/training_937.txt
1000;0;2;0;0;0.0;0.002;0.0;[929, 23, 26, 22];levels_bd/training_153.txt
1000;1;13;0;0;0.001;0.013;0.0;[913, 35, 31, 21];levels_bd/training_1_83.txt
1000;1;1;0;0;0.001;0.001;0.0;[921, 21, 24, 34];levels_bd/training_227.txt
1000;1;1;0;0;0.001;0.001;0.0;[917, 33, 22, 28];levels_bd/training_39.txt
1000;2;1;0;0;0.002;0.001;0.0;[919, 32, 24, 25];levels_bd/training_857.txt
1000;3;1;0;5;0.003;0.001;0.0;[930, 21, 23, 26];levels_bd/training_889.txt
1000;2;0;0;10;0.002;0.0;0.0;[903, 37, 38, 22];levels_bd/training_694.txt
1000;2;6;0;0;0.002;0.006;0.0;[932, 13, 26, 29];levels_bd/training_824.txt
1000;2;0;0;10;0.002;0.0;0.0;[923, 28, 24, 25];levels_bd/training_915.txt
1000;0;0;0;0;0.0;0.0;0.0;[935, 19, 23, 23];levels_bd/training_498.txt
1000;2;0;0;10;0.002;0.0;0.0;[920, 19, 30, 31];levels_bd/training_844.txt
1000;1;10;0;0;0.001;0.01;0.0;[904, 31, 24, 41];levels_bd/training_449.txt
1000;3;0;0;15;0.003;0.0;0.0;[923, 30, 24, 23];levels_bd/training_291.txt
1000;0;0;0;0;0.0;0.0;0.0;[919, 28, 28, 25];levels_bd/training_455.txt
1000;0;0;0;0;0.0;0.0;0.0;[919, 17, 33, 31];levels_bd/training_161.txt
1000;1;0;0;5;0.001;0.0;0.0;[920, 28, 24, 28];levels_bd/training_381.txt
1000;2;4;0;0;0.002;0.004;0.0;[929, 25, 25, 21];levels_bd/training_173.txt
1000;2;1;0;0;0.002;0.001;0.0;[920, 29, 29, 22];levels_bd/training_1_46.txt
1000;1;0;0;5;0.001;0.0;0.0;[921, 24, 26, 29];levels_bd/training_562.txt
1000;0;10;0;0;0.0;0.01;0.0;[881, 30, 63, 26];levels_bd/training_315.txt
1000;2;5;0;0;0.002;0.005;0.0;[922, 26, 30, 22];levels_bd/training_116.txt
1000;1;1;0;5;0.001;0.001;0.0;[917, 23, 21, 39];levels_bd/training_788.txt
1000;0;0;0;0;0.0;0.0;0.0;[915, 41, 31, 13];levels_bd/training_777.txt
1000;4;0;0;20;0.004;0.0;0.0;[785, 155, 24, 36];levels_bd/training_806.txt
1000;0;0;0;0;0.0;0.0;0.0;[820, 125, 22, 33];levels_bd/training_164.txt
1000;1;4;0;0;0.001;0.004;0.0;[920, 28, 25, 27];levels_bd/training_366.txt
1000;1;2;0;5;0.001;0.002;0.0;[915, 25, 30, 30];levels_bd/training_413.txt
1000;1;3;0;0;0.001;0.003;0.0;[936, 17, 21, 26];levels_bd/training_198.txt
1000;2;1;0;5;0.002;0.001;0.0;[931, 28, 17, 24];levels_bd/training_860.txt
1000;0;1;0;0;0.0;0.001;0.0;[916, 25, 28, 31];levels_bd/training_827.txt
1000;0;1;0;0;0.0;0.001;0.0;[923, 34, 26, 17];levels_bd/training_1_1.txt
1000;3;6;0;0;0.003;0.006;0.0;[520, 428, 25, 27];levels_bd/training_48.txt
1000;0;1;0;0;0.0;0.001;0.0;[918, 25, 25, 32];levels_bd/training_392.txt
1000;2;0;0;10;0.002;0.0;0.0;[925, 29, 15, 31];levels_bd/training_1_0.txt
1000;1;2;0;5;0.001;0.002;0.0;[22, 930, 20, 28];levels_bd/training_287.txt
1000;1;0;0;5;0.001;0.0;0.0;[22, 924, 26, 28];levels_bd/training_112.txt
1000;3;2;0;5;0.003;0.002;0.0;[68, 885, 23, 24];levels_bd/training_376.txt
1000;1;0;0;5;0.001;0.0;0.0;[26, 916, 26, 32];levels_bd/training_207.txt
1000;2;86;0;0;0.002;0.086;0.0;[20, 940, 21, 19];levels_bd/training_42.txt
1000;1;107;0;0;0.001;0.107;0.0;[24, 924, 31, 21];levels_bd/training_336.txt
1000;1;3;0;0;0.001;0.003;0.0;[674, 275, 20, 31];levels_bd/training_593.txt
1000;3;92;0;0;0.003;0.092;0.0;[145, 804, 30, 21];levels_bd/training_468.txt
1000;0;0;0;0;0.0;0.0;0.0;[34, 922, 20, 24];levels_bd/training_330.txt
1000;5;9;0;0;0.005;0.009;0.0;[501, 443, 24, 32];levels_bd/training_83.txt
1000;1;21;0;0;0.001;0.021;0.0;[35, 911, 30, 24];levels_bd/training_863.txt
1000;1;5;0;0;0.001;0.005;0.0;[323, 631, 30, 16];levels_bd/training_606.txt
1000;4;44;0;0;0.004;0.044;0.0;[536, 408, 28, 28];levels_bd/training_973.txt
1000;0;2;0;0;0.0;0.002;0.0;[922, 24, 35, 19];levels_bd/training_256.txt
1000;2;0;0;10;0.002;0.0;0.0;[929, 25, 22, 24];levels_bd/training_33.txt
1000;0;0;0;0;0.0;0.0;0.0;[23, 924, 26, 27];levels_bd/training_885.txt
1000;0;0;0;0;0.0;0.0;0.0;[28, 914, 28, 30];levels_bd/training_918.txt
1000;1;2;0;0;0.001;0.002;0.0;[501, 446, 30, 23];levels_bd/training_593.txt
1000;1;0;0;5;0.001;0.0;0.0;[37, 910, 27, 26];levels_bd/training_845.txt
1000;2;68;0;0;0.002;0.068;0.0;[405, 534, 28, 33];levels_bd/training_1_58.txt
1000;0;8;0;0;0.0;0.008;0.0;[643, 306, 30, 21];levels_bd/training_936.txt
1000;1;243;0;0;0.001;0.243;0.0;[101, 841, 37, 21];levels_bd/training_1_133.txt
1000;2;0;0;10;0.002;0.0;0.0;[31, 915, 22, 32];levels_bd/training_307.txt
1000;4;13;0;0;0.004;0.013;0.0;[635, 309, 28, 28];levels_bd/training_734.txt
1000;3;0;0;15;0.003;0.0;0.0;[47, 899, 26, 28];levels_bd/training_133.txt
1000;0;0;0;0;0.0;0.0;0.0;[26, 921, 29, 24];levels_bd/training_53.txt
1000;2;3;0;5;0.002;0.003;0.0;[892, 49, 29, 30];levels_bd/training_457.txt
1000;1;4;0;0;0.001;0.004;0.0;[710, 244, 23, 23];levels_bd/training_269.txt
1000;0;2;0;0;0.0;0.002;0.0;[929, 23, 21, 27];levels_bd/training_1_151.txt
1000;0;1;0;0;0.0;0.001;0.0;[854, 104, 23, 19];levels_bd/training_966.txt
1000;2;9;0;0;0.002;0.009;0.0;[587, 351, 28, 34];levels_bd/training_326.txt
1000;2;0;0;10;0.002;0.0;0.0;[35, 906, 33, 26];levels_bd/training_397.txt
1000;3;3;0;0;0.003;0.003;0.0;[901, 43, 27, 29];levels_bd/training_54.txt
1000;3;4;0;0;0.003;0.004;0.0;[541, 416, 27, 16];levels_bd/training_854.txt
1000;3;8;0;0;0.003;0.008;0.0;[905, 44, 20, 31];levels_bd/training_665.txt
1000;1;17;0;0;0.001;0.017;0.0;[31, 914, 32, 23];levels_bd/training_694.txt
104;4;3;1;115;0.038461538461538464;0.028846153846153848;0.009615384615384616;[12, 85, 3, 4];levels_bd/training_972.txt
896;0;0;0;0;0.0;0.0;0.0;[18, 832, 21, 25];levels_bd/training_646.txt
1000;6;17;0;0;0.006;0.017;0.0;[340, 602, 31, 27];levels_bd/training_157.txt
1000;0;0;0;0;0.0;0.0;0.0;[25, 924, 26, 25];levels_bd/training_104.txt
1000;0;0;0;0;0.0;0.0;0.0;[29, 929, 18, 24];levels_bd/training_475.txt
1000;0;16;0;0;0.0;0.016;0.0;[55, 895, 26, 24];levels_bd/training_178.txt
1000;0;0;0;0;0.0;0.0;0.0;[28, 914, 25, 33];levels_bd/training_877.txt
1000;1;68;0;0;0.001;0.068;0.0;[25, 921, 30, 24];levels_bd/training_114.txt
1000;1;0;0;5;0.001;0.0;0.0;[42, 900, 27, 31];levels_bd/training_507.txt
1000;0;0;0;0;0.0;0.0;0.0;[29, 926, 24, 21];levels_bd/training_531.txt
1000;2;12;0;0;0.002;0.012;0.0;[671, 281, 26, 22];levels_bd/training_914.txt
1000;0;0;0;0;0.0;0.0;0.0;[34, 917, 27, 22];levels_bd/training_218.txt
1000;2;0;0;10;0.002;0.0;0.0;[159, 798, 18, 25];levels_bd/training_350.txt
1000;1;275;0;0;0.001;0.275;0.0;[95, 863, 24, 18];levels_bd/training_988.txt
1000;1;0;0;5;0.001;0.0;0.0;[25, 921, 21, 33];levels_bd/training_688.txt
1000;1;4;0;0;0.001;0.004;0.0;[682, 262, 25, 31];levels_bd/training_418.txt
1000;5;6;0;0;0.005;0.006;0.0;[605, 344, 23, 28];levels_bd/training_1_0.txt
1000;2;0;0;10;0.002;0.0;0.0;[480, 480, 18, 22];levels_bd/training_133.txt
1000;0;39;0;0;0.0;0.039;0.0;[369, 565, 34, 32];levels_bd/training_594.txt
1000;1;7;0;0;0.001;0.007;0.0;[320, 644, 16, 20];levels_bd/training_540.txt
537;5;7;1;120;0.00931098696461825;0.01303538175046555;0.00186219739292365;[313, 200, 14, 10];levels_bd/training_310.txt
463;1;35;0;0;0.0021598272138228943;0.0755939524838013;0.0;[123, 314, 8, 18];levels_bd/training_547.txt
1000;0;0;0;0;0.0;0.0;0.0;[27, 935, 18, 20];levels_bd/training_1_149.txt
1000;0;141;0;0;0.0;0.141;0.0;[271, 679, 34, 16];levels_bd/training_197.txt
1000;4;360;0;0;0.004;0.36;0.0;[24, 917, 35, 24];levels_bd/training_1_162.txt
1000;5;7;0;0;0.005;0.007;0.0;[217, 729, 23, 31];levels_bd/training_614.txt
1000;6;30;0;0;0.006;0.03;0.0;[359, 580, 29, 32];levels_bd/training_463.txt
1000;2;72;0;0;0.002;0.072;0.0;[24, 929, 25, 22];levels_bd/training_1_142.txt
1000;0;0;0;0;0.0;0.0;0.0;[29, 907, 27, 37];levels_bd/training_702.txt
1000;2;2;0;10;0.002;0.002;0.0;[47, 897, 28, 28];levels_bd/training_585.txt
1000;2;1;0;10;0.002;0.001;0.0;[55, 888, 27, 30];levels_bd/training_812.txt
1000;1;11;0;0;0.001;0.011;0.0;[31, 918, 34, 17];levels_bd/training_249.txt
1000;2;13;0;5;0.002;0.013;0.0;[23, 915, 28, 34];levels_bd/training_228.txt
1000;3;6;0;0;0.003;0.006;0.0;[27, 915, 26, 32];levels_bd/training_1_143.txt
1000;1;0;0;5;0.001;0.0;0.0;[34, 915, 20, 31];levels_bd/training_1_177.txt
1000;0;3;0;0;0.0;0.003;0.0;[30, 915, 30, 25];levels_bd/training_768.txt
1000;3;5;0;0;0.003;0.005;0.0;[32, 846, 99, 23];levels_bd/training_538.txt
1000;1;0;0;5;0.001;0.0;0.0;[25, 927, 25, 23];levels_bd/training_305.txt
1000;1;0;0;5;0.001;0.0;0.0;[21, 931, 28, 20];levels_bd/training_543.txt
217;0;5;1;100;0.0;0.02304147465437788;0.004608294930875576;[13, 172, 24, 8];levels_bd/training_766.txt
570;4;7;1;110;0.007017543859649123;0.012280701754385965;0.0017543859649122807;[50, 402, 106, 12];levels_bd/training_730.txt
213;1;1;0;0;0.004694835680751174;0.004694835680751174;0.0;[9, 180, 19, 5];levels_bd/training_111.txt
1000;1;189;0;0;0.001;0.189;0.0;[23, 928, 22, 27];levels_bd/training_263.txt
1000;4;0;0;20;0.004;0.0;0.0;[27, 917, 23, 33];levels_bd/training_278.txt
1000;1;7;0;0;0.001;0.007;0.0;[29, 807, 140, 24];levels_bd/training_541.txt
1000;4;11;0;0;0.004;0.011;0.0;[30, 775, 164, 31];levels_bd/training_1_176.txt
1000;1;0;0;5;0.001;0.0;0.0;[16, 912, 47, 25];levels_bd/training_1_131.txt
1000;1;0;0;5;0.001;0.0;0.0;[11, 946, 21, 22];levels_bd/training_524.txt
1000;2;0;0;10;0.002;0.0;0.0;[24, 21, 931, 24];levels_bd/training_911.txt
1000;0;0;0;0;0.0;0.0;0.0;[20, 25, 931, 24];levels_bd/training_889.txt
1000;1;0;0;5;0.001;0.0;0.0;[36, 27, 917, 20];levels_bd/training_143.txt
1000;1;235;0;0;0.001;0.235;0.0;[24, 913, 40, 23];levels_bd/training_1_88.txt
1000;4;4;0;0;0.004;0.004;0.0;[28, 474, 475, 23];levels_bd/training_70.txt
1000;0;11;0;0;0.0;0.011;0.0;[23, 899, 50, 28];levels_bd/training_980.txt
1000;0;83;0;0;0.0;0.083;0.0;[25, 423, 534, 18];levels_bd/training_684.txt
1000;5;5;0;5;0.005;0.005;0.0;[28, 731, 223, 18];levels_bd/training_923.txt
1000;2;152;0;0;0.002;0.152;0.0;[21, 621, 338, 20];levels_bd/training_1_59.txt
1000;3;1;0;5;0.003;0.001;0.0;[17, 862, 99, 22];levels_bd/training_1_53.txt
1000;1;5;0;5;0.001;0.005;0.0;[16, 923, 34, 27];levels_bd/training_995.txt
700;9;6;1;110;0.012857142857142857;0.008571428571428572;0.0014285714285714286;[24, 545, 113, 18];levels_bd/training_963.txt
300;1;0;0;5;0.0033333333333333335;0.0;0.0;[6, 280, 7, 7];levels_bd/training_767.txt
1000;4;1;0;10;0.004;0.001;0.0;[25, 916, 38, 21];levels_bd/training_43.txt
801;9;6;1;105;0.011235955056179775;0.00749063670411985;0.0012484394506866417;[209, 498, 67, 27];levels_bd/training_1_67.txt
199;2;0;0;10;0.010050251256281407;0.0;0.0;[5, 186, 4, 4];levels_bd/training_397.txt
1000;5;2;0;10;0.005;0.002;0.0;[21, 918, 38, 23];levels_bd/training_651.txt
1000;2;0;0;10;0.002;0.0;0.0;[31, 906, 28, 35];levels_bd/training_45.txt
1000;4;18;0;0;0.004;0.018;0.0;[33, 696, 137, 134];levels_bd/training_913.txt
1000;2;0;0;10;0.002;0.0;0.0;[21, 719, 187, 73];levels_bd/training_1_25.txt
1000;1;0;0;5;0.001;0.0;0.0;[26, 877, 25, 72];levels_bd/training_492.txt
1000;1;0;0;5;0.001;0.0;0.0;[41, 861, 45, 53];levels_bd/training_490.txt
1000;8;14;0;0;0.008;0.014;0.0;[35, 28, 902, 35];levels_bd/training_125.txt
1000;0;0;0;0;0.0;0.0;0.0;[27, 20, 657, 296];levels_bd/training_763.txt
1000;0;12;0;0;0.0;0.012;0.0;[20, 25, 629, 326];levels_bd/training_898.txt
1000;0;0;0;0;0.0;0.0;0.0;[27, 26, 920, 27];levels_bd/training_422.txt
1000;1;0;0;5;0.001;0.0;0.0;[23, 24, 535, 418];levels_bd/training_976.txt
1000;0;0;0;0;0.0;0.0;0.0;[23, 32, 923, 22];levels_bd/training_1_51.txt
1000;1;12;0;0;0.001;0.012;0.0;[30, 627, 311, 32];levels_bd/training_155.txt
1000;0;0;0;0;0.0;0.0;0.0;[80, 369, 318, 233];levels_bd/training_645.txt
1000;1;0;0;5;0.001;0.0;0.0;[21, 121, 809, 49];levels_bd/training_27.txt
276;3;2;1;110;0.010869565217391304;0.007246376811594203;0.0036231884057971015;[8, 230, 29, 9];levels_bd/training_933.txt
724;3;0;0;15;0.004143646408839779;0.0;0.0;[13, 468, 216, 27];levels_bd/training_1_47.txt
1000;0;0;0;0;0.0;0.0;0.0;[20, 24, 928, 28];levels_bd/training_1_136.txt
1000;3;133;0;0;0.003;0.133;0.0;[29, 28, 921, 22];levels_bd/training_167.txt
1000;4;27;0;0;0.004;0.027;0.0;[31, 26, 922, 21];levels_bd/training_1_181.txt
1000;1;0;0;5;0.001;0.0;0.0;[30, 24, 921, 25];levels_bd/training_1_176.txt
1000;4;122;0;0;0.004;0.122;0.0;[26, 23, 918, 33];levels_bd/training_416.txt
1000;2;3;0;0;0.002;0.003;0.0;[29, 22, 27, 922];levels_bd/training_414.txt
1000;0;1;0;0;0.0;0.001;0.0;[30, 30, 30, 910];levels_bd/training_1_43.txt
1000;2;1;0;10;0.002;0.001;0.0;[38, 45, 22, 895];levels_bd/training_499.txt
1000;1;0;0;5;0.001;0.0;0.0;[31, 27, 26, 916];levels_bd/training_142.txt
1000;0;3;0;0;0.0;0.003;0.0;[32, 17, 12, 939];levels_bd/training_638.txt
1000;4;0;0;20;0.004;0.0;0.0;[29, 28, 27, 916];levels_bd/training_810.txt
1000;2;0;0;10;0.002;0.0;0.0;[25, 23, 37, 915];levels_bd/training_923.txt
1000;4;0;0;20;0.004;0.0;0.0;[36, 19, 24, 921];levels_bd/training_184.txt
1000;1;3;0;0;0.001;0.003;0.0;[36, 30, 28, 906];levels_bd/training_452.txt
1000;1;9;0;0;0.001;0.009;0.0;[26, 24, 41, 909];levels_bd/training_354.txt
1000;1;0;0;5;0.001;0.0;0.0;[18, 28, 926, 28];levels_bd/training_80.txt
1000;1;7;0;0;0.001;0.007;0.0;[32, 34, 905, 29];levels_bd/training_712.txt
1000;0;0;0;0;0.0;0.0;0.0;[22, 19, 935, 24];levels_bd/training_94.txt
1000;2;102;0;0;0.002;0.102;0.0;[32, 30, 904, 34];levels_bd/training_693.txt
1000;5;35;0;0;0.005;0.035;0.0;[23, 24, 902, 51];levels_bd/training_918.txt
1000;2;7;0;5;0.002;0.007;0.0;[32, 29, 919, 20];levels_bd/training_530.txt
1000;0;0;0;0;0.0;0.0;0.0;[22, 26, 930, 22];levels_bd/training_232.txt
1000;0;0;0;0;0.0;0.0;0.0;[58, 29, 879, 34];levels_bd/training_576.txt
1000;5;11;0;5;0.005;0.011;0.0;[32, 18, 925, 25];levels_bd/training_882.txt
1000;1;0;0;5;0.001;0.0;0.0;[37, 24, 915, 24];levels_bd/training_694.txt
1000;8;7;0;0;0.008;0.007;0.0;[158, 63, 748, 31];levels_bd/training_305.txt
1000;6;12;0;0;0.006;0.012;0.0;[178, 56, 738, 28];levels_bd/training_507.txt
1000;1;0;0;5;0.001;0.0;0.0;[156, 65, 748, 31];levels_bd/training_392.txt
1000;1;0;0;5;0.001;0.0;0.0;[155, 68, 754, 23];levels_bd/training_760.txt
1000;0;0;0;0;0.0;0.0;0.0;[309, 64, 598, 29];levels_bd/training_940.txt
1000;2;0;0;10;0.002;0.0;0.0;[52, 90, 834, 24];levels_bd/training_430.txt
1000;1;48;0;0;0.001;0.048;0.0;[498, 106, 373, 23];levels_bd/training_684.txt
1000;4;11;0;0;0.004;0.011;0.0;[38, 139, 792, 31];levels_bd/training_364.txt
1000;0;2;0;0;0.0;0.002;0.0;[88, 96, 790, 26];levels_bd/training_835.txt
1000;1;89;0;0;0.001;0.089;0.0;[33, 49, 900, 18];levels_bd/training_337.txt
1000;4;62;0;0;0.004;0.062;0.0;[92, 28, 849, 31];levels_bd/training_454.txt
1000;0;0;0;0;0.0;0.0;0.0;[54, 18, 900, 28];levels_bd/training_52.txt
1000;0;0;0;0;0.0;0.0;0.0;[42, 32, 902, 24];levels_bd/training_697.txt
1000;1;12;0;0;0.001;0.012;0.0;[42, 30, 914, 14];levels_bd/training_227.txt
113;4;0;1;120;0.035398230088495575;0.0;0.008849557522123894;[28, 2, 75, 8];levels_bd/training_507.txt
887;0;0;0;0;0.0;0.0;0.0;[29, 27, 815, 16];levels_bd/training_968.txt
1000;3;3;0;5;0.003;0.003;0.0;[409, 301, 265, 25];levels_bd/training_1_52.txt
1000;2;2;0;0;0.002;0.002;0.0;[853, 39, 91, 17];levels_bd/training_351.txt
1000;1;0;0;5;0.001;0.0;0.0;[694, 24, 262, 20];levels_bd/training_542.txt
1000;1;5;0;0;0.001;0.005;0.0;[762, 98, 119, 21];levels_bd/training_837.txt
1000;3;6;0;0;0.003;0.006;0.0;[749, 110, 110, 31];levels_bd/training_363.txt
1000;3;8;0;0;0.003;0.008;0.0;[446, 37, 495, 22];levels_bd/training_705.txt
1000;0;9;0;0;0.0;0.009;0.0;[562, 48, 376, 14];levels_bd/training_503.txt
1000;6;4;0;0;0.006;0.004;0.0;[473, 113, 389, 25];levels_bd/training_130.txt
1000;2;0;0;10;0.002;0.0;0.0;[423, 91, 451, 35];levels_bd/training_430.txt
1000;1;0;0;5;0.001;0.0;0.0;[410, 31, 535, 24];levels_bd/training_285.txt
1000;1;0;0;5;0.001;0.0;0.0;[502, 23, 448, 27];levels_bd/training_519.txt
1000;1;0;0;5;0.001;0.0;0.0;[486, 38, 452, 24];levels_bd/training_1_175.txt
1000;0;0;0;0;0.0;0.0;0.0;[291, 26, 661, 22];levels_bd/training_1_99.txt
1000;1;0;0;5;0.001;0.0;0.0;[27, 521, 424, 28];levels_bd/training_621.txt
1000;2;4;0;0;0.002;0.004;0.0;[418, 265, 288, 29];levels_bd/training_1_101.txt
1000;2;268;0;0;0.002;0.268;0.0;[40, 146, 793, 21];levels_bd/training_414.txt
1000;1;0;0;5;0.001;0.0;0.0;[40, 68, 863, 29];levels_bd/training_573.txt
1000;1;9;0;0;0.001;0.009;0.0;[33, 432, 516, 19];levels_bd/training_41.txt
1000;3;136;0;0;0.003;0.136;0.0;[23, 220, 733, 24];levels_bd/training_931.txt
1000;0;0;0;0;0.0;0.0;0.0;[43, 77, 857, 23];levels_bd/training_790.txt
1000;1;0;0;5;0.001;0.0;0.0;[87, 443, 443, 27];levels_bd/training_365.txt
1000;4;2;0;10;0.004;0.002;0.0;[72, 458, 436, 34];levels_bd/training_342.txt
1000;0;1;0;0;0.0;0.001;0.0;[691, 26, 261, 22];levels_bd/training_387.txt
1000;0;0;0;0;0.0;0.0;0.0;[56, 466, 459, 19];levels_bd/training_557.txt
1000;0;89;0;0;0.0;0.089;0.0;[514, 112, 349, 25];levels_bd/training_487.txt
1000;0;0;0;0;0.0;0.0;0.0;[21, 55, 905, 19];levels_bd/training_381.txt
1000;2;6;0;5;0.002;0.006;0.0;[166, 625, 174, 35];levels_bd/training_347.txt
1000;0;10;0;0;0.0;0.01;0.0;[59, 434, 470, 37];levels_bd/training_421.txt
1000;4;2;0;0;0.004;0.002;0.0;[173, 88, 710, 29];levels_bd/training_1_141.txt
1000;2;3;0;0;0.002;0.003;0.0;[325, 325, 307, 43];levels_bd/training_304.txt
1000;2;3;0;10;0.002;0.003;0.0;[31, 260, 687, 22];levels_bd/training_648.txt
1000;2;5;0;0;0.002;0.005;0.0;[26, 444, 507, 23];levels_bd/training_751.txt
1000;2;2;0;0;0.002;0.002;0.0;[20, 476, 482, 22];levels_bd/training_457.txt
1000;4;6;0;0;0.004;0.006;0.0;[38, 483, 440, 39];levels_bd/training_245.txt
1000;1;0;0;5;0.001;0.0;0.0;[23, 253, 696, 28];levels_bd/training_92.txt
1000;1;0;0;5;0.001;0.0;0.0;[15, 834, 123, 28];levels_bd/training_36.txt
1000;1;0;0;5;0.001;0.0;0.0;[29, 921, 24, 26];levels_bd/training_436.txt
1000;1;14;0;0;0.001;0.014;0.0;[322, 613, 39, 26];levels_bd/training_642.txt
1000;0;2;0;0;0.0;0.002;0.0;[29, 662, 277, 32];levels_bd/training_557.txt
1000;1;0;0;5;0.001;0.0;0.0;[24, 825, 126, 25];levels_bd/training_934.txt
1000;2;0;0;10;0.002;0.0;0.0;[930, 20, 26, 24];levels_bd/training_362.txt
1000;4;0;0;20;0.004;0.0;0.0;[914, 21, 29, 36];levels_bd/training_50.txt
1000;1;0;0;5;0.001;0.0;0.0;[907, 33, 25, 35];levels_bd/training_504.txt
1000;0;6;0;0;0.0;0.006;0.0;[916, 34, 25, 25];levels_bd/training_68.txt
1000;0;1;0;0;0.0;0.001;0.0;[919, 27, 31, 23];levels_bd/training_484.txt
1000;0;0;0;0;0.0;0.0;0.0;[247, 20, 696, 37];levels_bd/training_487.txt
1000;0;0;0;0;0.0;0.0;0.0;[55, 31, 886, 28];levels_bd/training_1_31.txt
1000;0;7;0;0;0.0;0.007;0.0;[342, 310, 276, 72];levels_bd/training_769.txt
1000;0;0;0;0;0.0;0.0;0.0;[20, 479, 473, 28];levels_bd/training_80.txt
1000;2;0;0;10;0.002;0.0;0.0;[15, 481, 476, 28];levels_bd/training_498.txt
1000;0;0;0;0;0.0;0.0;0.0;[20, 56, 897, 27];levels_bd/training_682.txt
1000;0;1;0;0;0.0;0.001;0.0;[49, 29, 896, 26];levels_bd/training_908.txt
1000;5;10;0;0;0.005;0.01;0.0;[41, 185, 740, 34];levels_bd/training_1_167.txt
1000;7;59;0;0;0.007;0.059;0.0;[91, 141, 749, 19];levels_bd/training_261.txt
1000;3;0;0;15;0.003;0.0;0.0;[59, 126, 780, 35];levels_bd/training_319.txt
1000;1;3;0;0;0.001;0.003;0.0;[560, 38, 359, 43];levels_bd/training_562.txt
1000;1;0;0;5;0.001;0.0;0.0;[431, 92, 449, 28];levels_bd/training_558.txt
1000;1;7;0;0;0.001;0.007;0.0;[106, 424, 438, 32];levels_bd/training_1_89.txt
1000;0;15;0;0;0.0;0.015;0.0;[551, 141, 271, 37];levels_bd/training_17.txt
1000;3;0;0;15;0.003;0.0;0.0;[61, 454, 461, 24];levels_bd/training_73.txt
1000;1;0;0;5;0.001;0.0;0.0;[496, 29, 445, 30];levels_bd/training_956.txt
1000;4;0;0;20;0.004;0.0;0.0;[476, 46, 460, 18];levels_bd/training_1_25.txt
1000;8;5;0;0;0.008;0.005;0.0;[478, 152, 343, 27];levels_bd/training_325.txt
1000;0;0;0;0;0.0;0.0;0.0;[503, 28, 436, 33];levels_bd/training_641.txt
1000;1;0;0;5;0.001;0.0;0.0;[503, 27, 441, 29];levels_bd/training_871.txt
1000;1;10;0;0;0.001;0.01;0.0;[65, 389, 500, 46];levels_bd/training_421.txt
1000;3;4;0;0;0.003;0.004;0.0;[243, 298, 427, 32];levels_bd/training_482.txt
1000;6;6;0;20;0.006;0.006;0.0;[62, 361, 548, 29];levels_bd/training_325.txt
1000;0;0;0;0;0.0;0.0;0.0;[56, 30, 886, 28];levels_bd/training_913.txt
1000;1;1;0;5;0.001;0.001;0.0;[28, 470, 482, 20];levels_bd/training_302.txt
1000;2;6;0;10;0.002;0.006;0.0;[612, 153, 213, 22];levels_bd/training_140.txt
1000;1;0;0;5;0.001;0.0;0.0;[510, 22, 439, 29];levels_bd/training_538.txt
1000;0;0;0;0;0.0;0.0;0.0;[36, 25, 919, 20];levels_bd/training_628.txt
1000;2;17;0;0;0.002;0.017;0.0;[454, 46, 475, 25];levels_bd/training_1_147.txt
1000;0;0;0;0;0.0;0.0;0.0;[833, 61, 74, 32];levels_bd/training_389.txt
1000;2;1;0;0;0.002;0.001;0.0;[228, 353, 396, 23];levels_bd/training_989.txt
1000;1;0;0;5;0.001;0.0;0.0;[321, 321, 342, 16];levels_bd/training_884.txt
1000;1;0;0;5;0.001;0.0;0.0;[897, 32, 44, 27];levels_bd/training_1_91.txt
1000;2;0;0;10;0.002;0.0;0.0;[482, 21, 478, 19];levels_bd/training_360.txt
1000;1;0;0;5;0.001;0.0;0.0;[506, 23, 449, 22];levels_bd/training_706.txt
1000;0;0;0;0;0.0;0.0;0.0;[20, 697, 247, 36];levels_bd/training_938.txt
1000;2;1;0;0;0.002;0.001;0.0;[32, 640, 298, 30];levels_bd/training_728.txt
1000;1;0;0;5;0.001;0.0;0.0;[24, 207, 745, 24];levels_bd/training_1_23.txt
1000;0;0;0;0;0.0;0.0;0.0;[31, 780, 162, 27];levels_bd/training_645.txt
1000;0;0;0;0;0.0;0.0;0.0;[33, 467, 466, 34];levels_bd/training_246.txt
1000;1;0;0;5;0.001;0.0;0.0;[924, 23, 31, 22];levels_bd/training_385.txt
1000;2;0;0;10;0.002;0.0;0.0;[912, 27, 37, 24];levels_bd/training_766.txt
1000;2;9;0;0;0.002;0.009;0.0;[897, 44, 30, 29];levels_bd/training_986.txt
1000;0;1;0;0;0.0;0.001;0.0;[913, 27, 35, 25];levels_bd/training_744.txt
1000;0;0;0;0;0.0;0.0;0.0;[911, 33, 26, 30];levels_bd/training_557.txt
1000;0;1;0;0;0.0;0.001;0.0;[916, 31, 31, 22];levels_bd/training_603.txt
1000;2;16;0;0;0.002;0.016;0.0;[343, 586, 26, 45];levels_bd/training_1_117.txt
1000;2;4;0;0;0.002;0.004;0.0;[891, 61, 21, 27];levels_bd/training_1_7.txt
1000;3;1;0;15;0.003;0.001;0.0;[920, 28, 24, 28];levels_bd/training_1_140.txt
1000;2;0;0;10;0.002;0.0;0.0;[936, 27, 22, 15];levels_bd/training_33.txt
1000;1;13;0;0;0.001;0.013;0.0;[513, 199, 256, 32];levels_bd/training_947.txt
1000;1;0;0;5;0.001;0.0;0.0;[660, 22, 287, 31];levels_bd/training_137.txt
1000;3;1;0;10;0.003;0.001;0.0;[874, 26, 76, 24];levels_bd/training_441.txt
1000;1;8;0;0;0.001;0.008;0.0;[835, 67, 59, 39];levels_bd/training_1_74.txt
1000;0;3;0;0;0.0;0.003;0.0;[710, 128, 125, 37];levels_bd/training_75.txt
1000;4;9;0;0;0.004;0.009;0.0;[64, 706, 195, 35];levels_bd/training_735.txt
1000;1;0;0;5;0.001;0.0;0.0;[18, 929, 24, 29];levels_bd/training_1_166.txt
1000;1;0;0;5;0.001;0.0;0.0;[25, 915, 32, 28];levels_bd/training_990.txt
1000;2;13;0;0;0.002;0.013;0.0;[33, 550, 390, 27];levels_bd/training_387.txt
1000;0;0;0;0;0.0;0.0;0.0;[26, 931, 16, 27];levels_bd/training_1_159.txt
